Date,PC1,PC2
2014-07-09,-1.4863530412936132,-0.7378993117523154
2014-07-10,-1.2310357112223396,-0.24276574801947123
2014-07-11,-1.5870328654548125,-1.2423145356763268
2014-07-14,-0.7622307313200198,2.052749384778526
2014-07-15,-1.2441069328873418,0.8556449584743511
2014-07-16,-1.5406135452966239,-0.18060005153707165
2014-07-17,-1.0387700481199635,0.9616138360527323
2014-07-18,-1.2133546102698605,0.5182717493601663
2014-07-21,-1.4711671684479113,-0.7026817185828204
2014-07-22,-1.4392756581021466,-0.4641738730568104
2014-07-23,-1.6908458229340115,-1.3029226163477465
2014-07-24,-1.5372272048750757,-0.6124610371074309
2014-07-25,-1.4582321263748754,-0.6428939271494287
2014-07-28,-1.690273521256096,-1.1544025271359986
2014-07-29,-1.509150410969864,-0.3198689922473428
2014-07-30,-1.6548741885019491,-0.6524026818362433
2014-07-31,-1.5792609562310262,-0.18878803934729613
2014-08-01,-1.5131426784879474,-0.1932088493915558
2014-08-04,-1.7352930248579992,-0.894077511766671
2014-08-05,-1.7383152829245108,-0.8241286362171564
2014-08-06,-1.2941559411745143,0.20863479144759495
2014-08-07,-1.456672970637831,-0.23904861425448592
2014-08-08,-1.3238338264488791,0.16144760882454362
2014-08-11,-1.675049517271724,-1.0513397335769863
2014-08-12,-1.543139223302347,-0.6647031309087404
2014-08-13,-1.598147162492433,-0.8636933372493311
2014-08-14,-1.5609553026025063,-0.8117771440302414
2014-08-15,-1.4380040982647264,-0.16974404278948566
2014-08-18,-1.8220384180608644,-1.4433357926989263
2014-08-19,-1.8207802186840407,-1.439044798097729
2014-08-20,-1.8044947236989004,-1.3452527249954662
2014-08-21,-1.6453622392151916,-0.17868527042551038
2014-08-22,-1.8296495930818997,-1.01506633900076
2014-08-25,-1.912779988955929,-1.3106294519277617
2014-08-26,-1.6492784651853274,-0.6034225546842749
2014-08-27,-1.852603517290821,-1.1392701738634499
2014-08-28,-1.6311487948288055,-0.5924028932797586
2014-08-29,-1.7821489447718921,-0.9709604627258684
2014-09-02,-1.4069362785684594,0.7348174219236304
2014-09-03,-1.8144882425226367,-0.6520341748374474
2014-09-04,-1.6462229961721806,-0.01592216445110483
2014-09-05,-1.715000062248033,-0.3873207624322815
2014-09-08,-1.6505678485076485,0.022745728406440097
2014-09-09,-1.917433339968598,-0.5029850586063968
2014-09-10,-1.8566517089334609,-0.3228266068065845
2014-09-11,-1.9397511159008636,-0.47682318118293027
2014-09-12,-2.0608943808793074,-0.7750816554979901
2014-09-15,-2.0818745866900303,-1.0170158350427947
2014-09-16,-2.084701503737388,-0.9156303348599933
2014-09-17,-1.980382722783829,-0.6769488119392788
2014-09-18,-2.150046784779611,-0.7154980442219159
2014-09-19,-2.0812419870144923,-0.33817089853040283
2014-09-22,-2.1672520118339813,-0.7496000269091053
2014-09-23,-1.9103601225601363,-0.2217615412593467
2014-09-24,-2.182443043121934,-0.8397241689275126
2014-09-25,-2.0081087739368026,-0.24402794105511455
2014-09-26,-1.9846171283785965,-0.2835962560847917
2014-09-29,-2.237126438578903,-1.1154840917144075
2014-09-30,-2.113520265067991,-0.34843464914684513
2014-10-01,-2.1406017523216048,-0.6661419255786301
2014-10-02,-2.1391860801288405,-0.6649061324629583
2014-10-03,-1.8834062532005862,0.743971859623263
2014-10-06,-1.8077562311293789,0.5153786282753483
2014-10-07,-2.0710819545800305,-0.1043911578972055
2014-10-08,-1.8815122966877644,0.6195870590005941
2014-10-09,-1.829499256949987,0.2723406399413424
2014-10-10,-2.0200060409857135,-0.04732241022459156
2014-10-13,-1.8309916343359471,0.16614300808677532
2014-10-14,-2.069127022154779,-0.7246749396291677
2014-10-15,-1.5788482255037064,0.8646126196860026
2014-10-16,-1.9558044778874526,-0.1501103978152307
2014-10-17,-2.0204796956686923,-0.6093999560899979
2014-10-20,-1.9815616748183489,-0.9368285491891195
2014-10-21,-2.020112182203172,-0.9228696731541384
2014-10-22,-2.0561823866225852,-0.9366733029055153
2014-10-23,-1.8565339922367918,0.05637569078968726
2014-10-24,-2.161675708557203,-1.0361219063207305
2014-10-27,-2.1706162485633276,-1.016430708926516
2014-10-28,-2.025388333623148,-0.5234042605831756
2014-10-29,-1.8900163380246047,-0.11007395496942043
2014-10-30,-1.9357157575802864,0.7911543663286326
2014-10-31,-1.5750804626078494,2.5045695313664953
2014-11-03,-2.2627928496528447,0.12309214813629588
2014-11-04,-2.2989374295752625,0.054624780224199206
2014-11-05,-1.9081274892930506,1.883072573922536
2014-11-06,-2.4273844564996345,0.27811308977349636
2014-11-07,-1.316759332502252,3.194404818247698
2014-11-10,-1.7444825512009239,2.034673615776247
2014-11-11,-1.9192807178394378,1.3826577867536072
2014-11-12,-2.193281500322024,0.8325391212150217
2014-11-13,-2.158724949641477,0.8802544183645451
2014-11-14,-1.3838995579239597,2.5598870483357925
2014-11-17,-2.0710907352590424,0.7632462444206467
2014-11-18,-1.9276428922516238,0.4823365185692779
2014-11-19,-1.8104546420287209,1.321887581306808
2014-11-20,-2.0108428343277396,0.6076745521862298
2014-11-21,-1.932009794102356,0.5587090713544837
2014-11-24,-2.171733867434478,-0.4626201549727276
2014-11-25,-2.2429761792380694,-0.6526434974137197
2014-11-26,-2.5145072665930095,-1.8001841762461814
2014-11-28,-1.7796192940610998,1.5404033216917061
2014-12-01,-0.48083520170357497,4.589051430551638
2014-12-02,-1.6583319130735226,1.8133425192963182
2014-12-03,-1.6297934536205083,1.468687812576603
2014-12-04,-1.8122730319774862,1.037628889298932
2014-12-05,-1.6456413966296095,1.9374642825404969
2014-12-08,-1.6523851474818865,1.4983437823374035
2014-12-09,-1.0366153085803655,2.831145212423327
2014-12-10,-1.7148012018016738,0.8875054837215415
2014-12-11,-1.7294658833475358,0.8370382100122556
2014-12-12,-1.807810221458295,0.590860671153936
2014-12-15,-1.4463002537316851,1.8573031123114212
2014-12-16,-1.4434169058350126,2.3263801597915394
2014-12-17,-1.803199801052878,1.1834137476541027
2014-12-18,-1.9946206152046606,-0.07658759066712577
2014-12-19,-2.3548542545890934,-1.1168931100973236
2014-12-22,-1.870394505590236,0.5696097904798574
2014-12-23,-2.3377713384846386,-0.5844651956140872
2014-12-24,-2.4766827674829828,-1.1276029945436106
2014-12-26,-1.9515105908885222,-0.06220531816271607
2014-12-29,-2.047844925929187,0.23357027727036223
2014-12-30,-1.6668273208986335,0.9998874756724446
2014-12-31,-1.8303687904099004,0.8445495707296533
2015-01-02,-1.8104632400401384,0.9324161088042815
2015-01-05,-1.6427722058808285,1.179287465807145
2015-01-06,-1.691866872607458,1.043524759924708
2015-01-07,-1.9855370173965852,0.27565041029255677
2015-01-08,-1.9918245508446542,0.17421572257722648
2015-01-09,-1.8909846423728855,0.3080542247685332
2015-01-12,-1.8366307327529559,-0.07051925296677208
2015-01-13,-1.8226962832175442,0.1967105637602043
2015-01-14,-1.7974234679805687,0.29106571177501583
2015-01-15,-1.1231641733932507,1.8569106144770742
2015-01-16,-1.3712559978085164,0.7906435508724529
2015-01-20,-1.335469264161727,0.6691322061928979
2015-01-21,-1.340466338363201,0.5940848071828472
2015-01-22,-1.207049447437563,0.8005827209335215
2015-01-23,-1.4146027642045502,0.33222078235183505
2015-01-26,-1.3076524216848397,0.9354381734606222
2015-01-27,-1.3610923378911794,-0.022061766740106407
2015-01-28,-1.5775018245382302,-0.05096875842587871
2015-01-29,-1.1901369782746443,1.9157574319077235
2015-01-30,-1.2068654875647027,1.150849854038049
2015-02-02,-1.435132207430056,0.6024374080578365
2015-02-03,-1.1845663343946982,1.6938154315472
2015-02-04,-1.5081913853725415,0.6666115446898226
2015-02-05,-1.5004106137189803,0.5408303876782741
2015-02-06,-1.0742467104359816,2.4788646302602744
2015-02-09,-1.8495362920783667,-0.02459152448113076
2015-02-10,-1.855107143394943,-0.056018119678812615
2015-02-11,-1.7643860242349751,0.3836731307600456
2015-02-12,-1.9285393873780066,-0.09927807359189311
2015-02-13,-1.9500044139454091,-0.2885786165694712
2015-02-17,-1.5321425595215306,1.4036926561026735
2015-02-18,-2.06259443842619,-0.09622377327956766
2015-02-19,-1.9795959236172707,-0.2136128324050623
2015-02-20,-2.024755550838817,-0.15357923001592932
2015-02-23,-2.0294128810075054,-0.09690538860826924
2015-02-24,-2.157523682965554,-0.34000476606985913
2015-02-25,-2.2024832629089297,-0.6707942411194148
2015-02-26,-2.0898337352629435,-0.5554036195329423
2015-02-27,-2.1497482071568164,-0.7902065991964715
2015-03-02,-2.071313227849219,-0.45921471504763317
2015-03-03,-2.0816857571743563,-0.2964077136111984
2015-03-04,-2.3013540585286396,-0.9642001795822309
2015-03-05,-2.2529048284918005,-0.6821077321829947
2015-03-06,-1.678710121804378,1.927322272188296
2015-03-09,-2.3374911874835074,-0.17595703466349746
2015-03-10,-2.2520094294997746,0.4254071120115309
2015-03-11,-2.2607939252085925,0.44807931407603135
2015-03-12,-2.2333099879723153,0.4193019473764409
2015-03-13,-2.4027603687490475,-0.08346619238485443
2015-03-16,-2.3105893718295656,0.1099078150199075
2015-03-17,-2.4486875593771047,-0.34065653957005354
2015-03-18,-2.142629409104973,0.3144080066544956
2015-03-19,-2.2075149133082657,-0.0675125495331253
2015-03-20,-2.130281520759411,0.006802981232193148
2015-03-23,-2.2484132230880767,-0.200123036254219
2015-03-24,-2.2812536753221617,-0.3689283209858878
2015-03-25,-2.1867210626964777,-0.17651408387849266
2015-03-26,-1.9392261107881468,-0.22419629734504162
2015-03-27,-2.1607903698283453,-0.31720464288147826
2015-03-30,-2.1078238722089475,0.14165568470863302
2015-03-31,-2.289704290274221,-0.46271300599954635
2015-04-01,-1.7460777023206944,0.6552428894411355
2015-04-02,-2.0620002359745175,0.13696891718588747
2015-04-06,-1.9306541675797855,-0.02188996332678994
2015-04-07,-2.068077961349182,-0.022285452478523142
2015-04-08,-1.9425246494656254,0.47230234965279666
2015-04-09,-2.099407870677206,0.17258633615766641
2015-04-10,-1.909845991599878,0.3878289721439353
2015-04-13,-2.1029937007475854,-0.15029972427670957
2015-04-14,-2.042915072338029,0.34151040051354836
2015-04-15,-2.1174776573099163,-0.3057463799905387
2015-04-16,-2.1362430953065665,-0.15451141225072865
2015-04-17,-2.21754129422008,-0.6463029697029762
2015-04-20,-2.0868193672081943,-0.09131786038035354
2015-04-21,-2.234678575840035,-0.7659900170974657
2015-04-22,-2.046899559957377,0.33123205127647315
2015-04-23,-2.1669878658602455,-0.284336833213508
2015-04-24,-2.0224541475477316,0.6850089576229884
2015-04-27,-1.6139240104818646,1.4590094190998062
2015-04-28,-1.8179352397384976,0.8041097454770375
2015-04-29,-1.9124273130187097,0.6620335399079531
2015-04-30,-1.5502583496380373,2.3861962058612596
2015-05-01,-1.9811768848313787,1.0202417360169225
2015-05-04,-1.9295270537971911,0.8198894976595734
2015-05-05,-1.9543136498525684,0.6275890222271607
2015-05-06,-2.1691081581774405,0.001764620916972307
2015-05-07,-2.1314201171732283,0.26881791829994767
2015-05-08,-2.123228214397152,0.18694188152115943
2015-05-11,-2.268364689262873,-0.3203336590241146
2015-05-12,-2.1628897372648788,-0.2704586884448353
2015-05-13,-1.6834748147213876,0.98469293580585
2015-05-14,-1.8952615952386374,0.24729827846487895
2015-05-15,-1.9318150832330687,0.055633523423118204
2015-05-18,-2.0286104064218873,-0.41883682178224463
2015-05-19,-1.7876713504588992,1.0183381342835958
2015-05-20,-2.0418547749782148,0.0731964232081968
2015-05-21,-2.0381622598465756,0.16279457755842863
2015-05-22,-2.1089651698561833,-0.23798547617695937
2015-05-26,-1.987062598854047,0.1269137749717435
2015-05-27,-2.3384888935845023,-0.42627349566723505
2015-05-28,-2.2258814233539934,-0.2188863315222871
2015-05-29,-2.3865158865303404,-0.9457505731520478
2015-06-01,-2.1040899864845786,-0.06282453392278577
2015-06-02,-2.309735690558776,-0.790568257381314
2015-06-03,-2.2040443452899154,-0.26715313686286857
2015-06-04,-2.3310413764900244,-0.3922489951101457
2015-06-05,-2.3361373008614685,-0.3000910284126243
2015-06-08,-2.4671262628857664,-0.9039155655014132
2015-06-09,-2.4054273404684707,-0.8494600908574128
2015-06-10,-2.1819974190898406,-0.3048522207786943
2015-06-11,-2.3114096391719543,-0.4939061442724872
2015-06-12,-2.4377962422456765,-0.929195456579453
2015-06-15,-2.209568609426596,-0.4017248657274207
2015-06-16,-2.374406959477252,-0.7994021319308792
2015-06-17,-2.322260552058317,-0.6521057537270784
2015-06-18,-1.8876470415810445,0.4497771853694241
2015-06-19,-2.256348298430544,-0.6142622518472302
2015-06-22,-1.9928113303516122,0.5807018121223343
2015-06-23,-2.1808620486427888,0.18315699078675268
2015-06-24,-2.232403608724569,0.1191275928957568
2015-06-25,-2.348268231673934,-0.2842655725945552
2015-06-26,-2.2586702311884133,-0.023677062915885845
2015-06-29,-2.2646025204594813,-0.3641334440642342
2015-06-30,-2.3101034821668995,-0.2115281252894855
2015-07-01,-2.5587282067221873,-1.150638237707192
2015-07-02,-2.7604581748178356,-1.901110809739664
2015-07-06,-2.4063583448681096,-0.8283701591903995
2015-07-07,-2.1473622566425514,0.8823247156831245
2015-07-08,-2.216072600225231,0.3456298114269645
2015-07-09,-2.36783346980413,-0.03957841407014082
2015-07-10,-2.4529649638442557,-0.336930674157581
2015-07-13,-2.33515745594248,0.0044905102679450686
2015-07-14,-2.497676051128132,-0.3910451995543903
2015-07-15,-2.4145267229491587,0.013279051417060397
2015-07-16,-2.6734583433891106,-0.8321576907816401
2015-07-17,-2.6118962183051804,-0.478796870869286
2015-07-20,-1.8759891117427312,2.4996151068871826
2015-07-21,-2.7152014525905104,0.06930265872737035
2015-07-22,-2.688530741090104,0.3429955079781425
2015-07-23,-2.5977928719070547,0.5287335611797502
2015-07-24,-2.438031613521883,1.306678211782392
2015-07-27,-2.591837892404488,-0.08351485591506479
2015-07-28,-2.7985535799077197,-0.24943377406283312
2015-07-29,-2.813475244044568,-0.34129043374200063
2015-07-30,-2.712113876048133,0.1675800135715313
2015-07-31,-2.5717652218072415,0.32794234754768137
2015-08-03,-2.823726285102319,-0.3506152215290079
2015-08-04,-2.8328478228092564,-0.4375007667458293
2015-08-05,-2.993537214541492,-0.799243919853385
2015-08-06,-2.950329563811724,-0.8936386140636844
2015-08-07,-2.7556223881736415,-0.15100376413878047
2015-08-10,-2.6511129538051064,-0.1722323170104851
2015-08-11,-2.478511749236918,0.36542216318598353
2015-08-12,-2.416869174029137,0.2849684174992115
2015-08-13,-2.618315722209774,-0.10291911731436901
2015-08-14,-2.7489668560976535,-0.5099084237800665
2015-08-17,-2.7315197768194985,-0.6618225086984661
2015-08-18,-2.673245772255694,-0.2855487201651156
2015-08-19,-2.4560048835595016,0.0691931660833543
2015-08-20,-2.1683440087630212,0.6008712334916149
2015-08-21,-2.1691644920782314,0.6493806011107998
2015-08-24,-2.059870926893859,1.31250878564869
2015-08-25,-2.147456696832148,1.2209480626855513
2015-08-26,-2.0456702720397653,1.7348961752184406
2015-08-27,-2.402527829402694,0.5980248344068289
2015-08-28,-2.2882699390360757,0.6995735677996852
2015-08-31,-2.566676367295933,-0.29695112808911234
2015-09-01,-2.453733879003561,-0.09586331460362248
2015-09-02,-2.546299994432582,-0.18601801197650517
2015-09-03,-2.58356285480926,-0.205535011373149
2015-09-04,-2.811769809855759,-1.209238460947973
2015-09-08,-2.6804936997325517,-0.3468739936005455
2015-09-09,-2.439118823881775,0.6787281675477012
2015-09-10,-2.6840461892258185,-0.2333672008844555
2015-09-11,-2.694280512837997,-0.17265508986073347
2015-09-14,-2.815557510245768,-0.7095803615791868
2015-09-15,-2.847346717487879,-0.6371063672298317
2015-09-16,-2.401213777213044,0.36062538558614354
2015-09-17,-2.3534648241641243,0.6177160326692481
2015-09-18,-2.4132275486157253,0.024826779615218734
2015-09-21,-2.5261679631921616,-0.156768176601147
2015-09-22,-2.4478347115997288,0.27127639058972175
2015-09-23,-2.4975259064041433,-0.08670971834340784
2015-09-24,-2.031381464317568,1.1172091802933155
2015-09-25,-2.3820813508266814,0.3870837487750781
2015-09-28,-2.203175896329018,1.06565238579344
2015-09-29,-2.525306753164051,0.0647551954428949
2015-09-30,-2.4235980669941504,0.743692006546441
2015-10-01,-2.6596932844134447,-0.14850529697771714
2015-10-02,-1.8631844011612315,1.8005506963675975
2015-10-05,-2.441619412440474,0.1323218550873602
2015-10-06,-2.2998257357185086,0.3196412496330386
2015-10-07,-2.4056231191401127,-0.048263243461114096
2015-10-08,-2.3765835501127275,0.169718456662922
2015-10-09,-2.2453193751188647,0.16982749911017148
2015-10-12,-2.343780622028716,-0.32327343896351923
2015-10-13,-2.362490234854108,-0.3977507881286884
2015-10-14,-2.020288588449661,0.2995478038135358
2015-10-15,-2.1747277979159807,-0.08421138967236719
2015-10-16,-2.3609173921991458,-0.6076689253486837
2015-10-19,-2.3849867182676796,-0.40892407399142194
2015-10-20,-2.290862480231756,-0.3586243485982837
2015-10-21,-2.261164202278024,-0.027798356619006325
2015-10-22,-2.3954362356162116,-0.3642989686497196
2015-10-23,-2.2354607275582428,-0.00574080527358937
2015-10-26,-2.556234271618287,-1.1147426672790246
2015-10-27,-2.547722625713678,-1.0105437442087533
2015-10-28,-1.9893813231195188,0.4570795841840785
2015-10-29,-2.2502874247573104,0.7867076487465506
2015-10-30,-2.4346322777494125,0.08284876018075586
2015-11-02,-2.492900917114123,-0.020019704648751722
2015-11-03,-2.2385654625443694,1.2224480468706507
2015-11-04,-2.467501957715508,0.6995277323138751
2015-11-05,-2.67070014238601,0.21185930021686544
2015-11-06,-2.4663224856504646,1.0054499231481002
2015-11-09,-2.9110325536057293,-0.39952273619989187
2015-11-10,-2.8280374406329036,-0.1477582365690081
2015-11-11,-2.841194368487291,-0.003180227948050054
2015-11-12,-2.8142742057896846,0.12343487733909772
2015-11-13,-2.9596189958860433,-0.5550665980836553
2015-11-16,-2.7625758900936837,-0.10875061862659197
2015-11-17,-2.777634666220968,0.33388466757595026
2015-11-18,-2.9728246123089987,-0.30950530274470056
2015-11-19,-2.7378331134154266,0.17538488615773476
2015-11-20,-2.8780157528486483,-0.13617252668993277
2015-11-23,-2.9817689650196435,-0.4450386048093845
2015-11-24,-2.8894638558331827,-0.4251941408154721
2015-11-25,-3.096666854677639,-1.0095421252513737
2015-11-27,-2.7432949521224264,0.7332800798367839
2015-11-30,-2.8402210650309896,0.014586143882804825
2015-12-01,-2.9607058124723364,-0.20207905878726623
2015-12-02,-2.778580421537491,0.4036451227549952
2015-12-03,-2.8053412795866834,0.4457784301994301
2015-12-04,-2.3259450431177706,1.4493996626580061
2015-12-07,-2.5654573500714,0.8508844301493147
2015-12-08,-2.8185830227700626,0.24673769212944513
2015-12-09,-2.704193272966613,0.47638405175589094
2015-12-10,-2.93185355813799,-0.06141585716087146
2015-12-11,-2.723880898454746,0.45020228095422127
2015-12-14,-2.7067977270545387,0.6718809843817158
2015-12-15,-3.075809682785552,-0.5804592985070323
2015-12-16,-2.779534599731812,0.04845592661998589
2015-12-17,-2.562528817419062,1.5915856894096025
2015-12-18,-2.5793749318779664,0.9693269526187405
2015-12-21,-2.8255214950641303,-0.23194210458297373
2015-12-22,-2.7421670571562373,0.6034731772408473
2015-12-23,-2.8233091838570625,0.3845430801807908
2015-12-24,-2.797452181806921,0.1668270063577912
2015-12-28,-2.773987141336877,0.47837972314013666
2015-12-29,-3.104738762594863,-0.9339683387494602
2015-12-30,-3.007864933349884,-0.6537644097965493
2015-12-31,-3.1926230380572713,-1.0942929610574597
2016-01-04,-2.6711108373418133,0.3500783874246334
2016-01-05,-2.9365285731766293,-0.419371982582765
2016-01-06,-2.5939993863528534,0.5147092863668086
2016-01-07,-2.5235900611359066,0.5305680338610447
2016-01-08,-2.454341953169674,0.9717566188770704
2016-01-11,-2.613244055851215,0.5119920629944217
2016-01-12,-2.626638294782903,0.7314512917656565
2016-01-13,-2.6650303752716775,0.3844640687782167
2016-01-14,-2.4901437983797803,1.1958218424175011
2016-01-15,-2.8641852550842084,-0.7742729108134019
2016-01-19,-2.7330210613502612,0.3059841842425142
2016-01-20,-2.385958925758011,0.9446533922684873
2016-01-21,-2.614856612085531,0.7173584119375334
2016-01-22,-2.714635621308077,0.19881176237869216
2016-01-25,-2.615080608835267,0.32203437573831833
2016-01-26,-2.516697759504286,-0.11449642156630305
2016-01-27,-2.5611405829636964,0.09693893336616877
2016-01-28,-2.51267845685987,0.2848481438598741
2016-01-29,-2.706785203708416,-0.3234922169766487
2016-02-01,-2.57379160610472,-0.39774844543328536
2016-02-02,-2.6895529573455117,-0.5783145362546546
2016-02-03,-2.322101347283954,0.31099111702169896
2016-02-04,-2.2881135238004564,0.0667620528576594
2016-02-05,-2.0474606297418703,0.8199745528868955
2016-02-08,-1.514959148629286,1.6850943532014189
2016-02-09,-2.0131826087236067,0.7128823620379325
2016-02-10,-1.9454125294497684,0.9148207049347543
2016-02-11,-0.4072725360589396,4.29854345833987
2016-02-12,-1.4656659637108203,1.314415308843757
2016-02-16,-0.8762515529748468,4.767805862641602
2016-02-17,-1.4846199535360627,2.4012446973456827
2016-02-18,-1.0477626788579186,2.8694047387175035
2016-02-19,-1.5088946176155993,1.8466584829916706
2016-02-22,-1.4018094777132144,2.6239024646378204
2016-02-23,-1.6544485187395828,1.1145248862872252
2016-02-24,-1.2616929943206783,2.1361524948544792
2016-02-25,-1.6511663402656402,0.8814762812148372
2016-02-26,-1.5022149590354166,1.6975744484378155
2016-02-29,-1.550445039169794,1.0331310946593393
2016-03-01,-1.5893860206217452,1.2123612144224054
2016-03-02,-1.6989963580100653,0.4960903454978097
2016-03-03,-1.3386262028651592,1.2144569603250386
2016-03-04,-1.2307367578331037,1.8904621713292555
2016-03-07,-1.5928743656178008,0.7195380618661819
2016-03-08,-1.6354219813196555,0.24864838003784348
2016-03-09,-1.6057860391118015,0.5954585246968211
2016-03-10,-1.228787962361182,1.531371118783011
2016-03-11,-1.1550093149554383,1.6768985936233052
2016-03-14,-1.430129674234759,1.2264986458252727
2016-03-15,-1.9441435834682543,0.12095729931977525
2016-03-16,-1.3711424901728597,1.2533643214786225
2016-03-17,-1.422169180789907,0.9016774287464692
2016-03-18,-1.4636378383237623,1.2072557443759997
2016-03-21,-1.6063006748889195,1.001750891309145
2016-03-22,-1.540326764708236,1.034619842136721
2016-03-23,-1.2560880780009365,2.536073541448215
2016-03-24,-1.8445048898517564,0.32914126313686903
2016-03-28,-1.760039447695112,0.6525290420118355
2016-03-29,-1.5539961741370634,0.8859103464127958
2016-03-30,-1.6913691421170398,0.6842601149826149
2016-03-31,-1.8071004526515912,0.06099873933622298
2016-04-01,-1.6270736583028296,1.0909502692714028
2016-04-04,-2.1583290593912743,-0.69030116499032
2016-04-05,-1.764875169665171,0.2443972528330942
2016-04-06,-1.9014693168231012,0.03471427615865092
2016-04-07,-1.7474847346711495,0.2851716063793259
2016-04-08,-1.8993671464098436,-0.3406198059345943
2016-04-11,-1.6833716773153267,0.056294030677752065
2016-04-12,-1.859502826483595,-0.47409502738589204
2016-04-13,-1.75889549347688,0.14040470477468747
2016-04-14,-1.6920133727821112,1.0214550976745613
2016-04-15,-1.9100347659010612,-0.09218269901526716
2016-04-18,-1.8911542475069736,0.03391866915584332
2016-04-19,-1.3904036727235003,1.177768664146269
2016-04-20,-1.687607970442261,0.37453703429479757
2016-04-21,-1.397583986485952,1.51694521237173
2016-04-22,-1.5270744109631182,1.3636513917189803
2016-04-25,-1.868310071867468,-0.17144259010703294
2016-04-26,-1.8275274427938852,0.052234282516686825
2016-04-27,-1.7647815444718584,0.1851564554691157
2016-04-28,-1.3243889016225392,1.0876044693027314
2016-04-29,-1.1082763850776796,1.441155536786336
2016-05-02,-1.3971984735241332,0.5182088995323796
2016-05-03,-1.4624402441560262,0.31435494912628864
2016-05-04,-1.4762820122833673,0.8058907123067317
2016-05-05,-1.498902651417247,0.4927882042105846
2016-05-06,-1.2804881985341152,1.0460468130329725
2016-05-09,-1.2064659932578303,1.900617563676699
2016-05-10,-1.6130659517631962,0.5131115507561448
2016-05-11,-1.5051623643117076,0.7925490119318438
2016-05-12,-1.408951276264105,1.11557242036288
2016-05-13,-1.596016592001046,0.4329582438200176
2016-05-16,-1.4403549243067106,0.7580647348222979
2016-05-17,-1.6185424879657027,0.23808962787830162
2016-05-18,-1.5126731042627233,0.29207661361985365
2016-05-19,-1.7228811994656765,0.6291119214917916
2016-05-20,-1.8947360456104982,-0.2883378217264694
2016-05-23,-1.8752216715380203,-0.10760073383742329
2016-05-24,-1.6027236400326963,1.3078480690666479
2016-05-25,-2.030730047972152,-0.47759577913983187
2016-05-26,-1.9641084365019805,-0.18766413168465146
2016-05-27,-2.1581503961881947,-0.9616497763668937
2016-05-31,-1.9907576494340526,0.19809339581748162
2016-06-01,-2.094606236863993,-0.4026877709058495
2016-06-02,-2.2558520559180564,-0.9591932831201391
2016-06-03,-1.3089223222372284,1.5037453830713035
2016-06-06,-1.866088719809138,-0.01060753858218379
2016-06-07,-1.8432197322284412,-0.11049529712738987
2016-06-08,-1.5532816261319098,0.4380329131090643
2016-06-09,-1.6401035535778636,0.02261260509601711
2016-06-10,-1.655853115106287,-0.030139281959777945
2016-06-13,-1.5750153896791579,0.08868347221696159
2016-06-14,-1.698146534429143,-0.4621307552933304
2016-06-15,-1.5800878066320674,-0.17937442416120486
2016-06-16,-1.0637750772858101,1.3334383389112663
2016-06-17,-1.483538157858274,0.09257122729989489
2016-06-20,-1.6478991730138157,-0.3659176567704891
2016-06-21,-1.3406195321249668,0.9501599643083337
2016-06-22,-1.8483359457693884,-0.6102107649796766
2016-06-23,-1.697899464468262,-0.10348853300079125
2016-06-24,0.9977806336411867,7.256435932163797
2016-06-27,-0.8710052671003289,2.145243238001684
2016-06-28,-0.890405761791361,2.013420151310255
2016-06-29,-0.9563935895108676,1.618313266153889
2016-06-30,-1.1400082431871632,1.3780283101886457
2016-07-01,-0.8070361099889746,0.9232287148907197
2016-07-05,-0.6841931866048319,2.3233147539854566
2016-07-06,-0.9826857667041722,0.3754128171820144
2016-07-07,-1.0016412774018997,0.4271985944139612
2016-07-08,-0.7156016013261011,1.4695827386392868
2016-07-11,-0.9206564429667445,0.6086224709529903
2016-07-12,-0.8919263448280659,1.4224436271707763
2016-07-13,-1.196412007399359,0.3894564678186688
2016-07-14,-1.0723729792115126,0.7214749665136347
2016-07-15,-1.3717083133065258,-0.31905357741981205
2016-07-18,-1.4624269732210589,-0.6039611908136486
2016-07-19,-1.5117998405767752,-0.7641286329782158
2016-07-20,-1.1732054379278678,0.5399295254118126
2016-07-21,-1.2388894345384673,0.26827153676685206
2016-07-22,-1.4152939817786796,-0.08410590615797231
2016-07-25,-1.5402623874394503,-0.6923246362742049
2016-07-26,-1.583031039232556,-0.9978847863675797
2016-07-27,-1.1714858195979279,0.08815997291060576
2016-07-28,-1.355402477560694,-0.33630633093415163
2016-07-29,-1.040079819226929,0.32511810720345563
2016-08-01,-1.3777970185532475,-1.0814060613016128
2016-08-02,-1.1035494367707763,-0.47870435177839715
2016-08-03,-1.2555052682468952,-0.677803662440746
2016-08-04,-1.1804475473130402,-0.46087543294030014
2016-08-05,-0.8131146217923921,1.234630348610522
2016-08-08,-1.3641587053623776,-0.3001266499152731
2016-08-09,-1.2997105451987878,-0.4128868602796433
2016-08-10,-1.1256168184442956,0.11779204454529395
2016-08-11,-1.1900182961715877,-0.19227769480913287
2016-08-12,-1.059475906977439,0.551702599139367
2016-08-15,-1.4281458937936955,-0.8261551839785352
2016-08-16,-1.2043905960144876,-0.27848663487559866
2016-08-17,-1.305752789838427,-0.4585181134408147
2016-08-18,-1.3664393130072163,-0.8216356832769378
2016-08-19,-1.268174308616598,-0.2215638904230585
2016-08-22,-1.4344731591061426,-0.6760560153866761
2016-08-23,-1.4435683708843068,-0.9080492776800243
2016-08-24,-1.2859244596162287,0.23252280531613076
2016-08-25,-1.5544281343338384,-0.7007939733467577
2016-08-26,-1.1445539904711308,0.765654830037484
2016-08-29,-1.544822842268139,-0.8192075062016663
2016-08-30,-1.4546170256571371,-0.41030129447166747
2016-08-31,-1.5845919259709902,-0.5668852880198068
2016-09-01,-1.5407837603894678,-0.5328500856955498
2016-09-02,-1.0199160026531735,-0.23105821589445022
2016-09-06,-0.785038951132316,1.711945911512678
2016-09-07,-1.1952826544371344,0.07244255271776161
2016-09-08,-1.127080141851545,0.5525274635095374
2016-09-09,-1.2413897117596882,0.28817301713252863
2016-09-12,-1.3126897349162747,0.4502742226202039
2016-09-13,-1.1819579707777859,0.622307920490378
2016-09-14,-1.5737238380757423,-1.069521189560471
2016-09-15,-1.411568822985351,-0.25544454302729563
2016-09-16,-1.65379198728334,-1.0094490518233659
2016-09-19,-1.651390658688933,-1.1620994539789575
2016-09-20,-1.7300951983131954,-1.3902397248606853
2016-09-21,-1.0682836808762541,0.6505423608794063
2016-09-22,-1.3532570123244339,-0.5907434100864654
2016-09-23,-1.4988178141736308,-0.9182696043105459
2016-09-26,-1.4597972490759554,-0.912724299691989
2016-09-27,-1.3254068204400344,-0.040264346325889905
2016-09-28,-1.4963198669490976,-0.47512447744753655
2016-09-29,-1.4803165128882219,-0.5011386703342354
2016-09-30,-1.4126505989991742,-0.01231918251095385
2016-10-03,-1.6362441772482479,-1.0049441899862819
2016-10-04,-0.7740242286963098,3.086396258005051
2016-10-05,-1.5549575879432602,0.6738351306655316
2016-10-06,-1.53682757371306,0.8820720195268321
2016-10-07,-1.4218072857495732,1.4902784083050942
2016-10-10,-1.7358510454806528,0.06535156548332227
2016-10-11,-1.7304287705558625,0.247463831257064
2016-10-12,-1.758468294431548,0.1966627735137478
2016-10-13,-1.9397653722702959,-0.7112992983881751
2016-10-14,-1.8593169772920344,-0.3517794525922592
2016-10-17,-2.096537515466734,-1.3336584673396
2016-10-18,-1.9813025903809212,-1.01170191941243
2016-10-19,-1.8764913258255906,-0.9444016079117282
2016-10-20,-1.942771489213635,-1.0652606592588059
2016-10-21,-2.048911493412428,-1.4400166432860495
2016-10-24,-1.907726619088642,-0.822367616154269
2016-10-25,-1.8071623053174573,-0.8335757402052839
2016-10-26,-1.8520730741102627,-0.6953073087417566
2016-10-27,-1.9376159448623647,-1.0187570735468952
2016-10-28,-1.5609490919665654,0.1454130248400764
2016-10-31,-1.900852483713394,-0.9947360984886829
2016-11-01,-1.5945873782574618,-0.1575501178997171
2016-11-02,-1.3678159669160528,0.2903056125694477
2016-11-03,-1.3594837800859798,0.584658843790265
2016-11-04,-1.5516951166070916,-0.08307244635241824
2016-11-07,-1.4259363428434628,1.0123716093944877
2016-11-08,-1.446984523705439,0.7809153887733649
2016-11-09,-0.08975304843337062,6.286991153846024
2016-11-10,-0.9918358951414268,2.7314488185045045
2016-11-11,-1.0112247742194385,3.7608162135821708
2016-11-14,-1.650792227060355,1.8436076695290287
2016-11-15,-1.8211682994371823,0.9095403111004243
2016-11-16,-1.8568792383078734,0.630351277764353
2016-11-17,-1.709135431756945,1.252232717008093
2016-11-18,-1.857929020326423,1.1574808299907002
2016-11-21,-1.951079985267428,0.5099326465682988
2016-11-22,-2.1278294022434268,-0.3638350766867291
2016-11-23,-2.439254778578484,-1.215285284323253
2016-11-25,-2.1245192426596495,-0.14867973387973044
2016-11-28,-2.1080082474748636,-0.10115106555887829
2016-11-29,-2.104399810992486,0.3634518929078764
2016-11-30,-1.9126370232284111,1.2892775955181326
2016-12-01,-2.1722930845583357,0.6661241623062993
2016-12-02,-2.2154737093423296,0.21683980071627165
2016-12-05,-1.837006430187701,1.2068748582500068
2016-12-06,-2.381897482522533,-0.2439237100060757
2016-12-07,-2.25403940103308,-0.20414608754395477
2016-12-08,-2.3706404039315454,-0.2891540632018756
2016-12-09,-2.3285173975223,-0.05819632423872381
2016-12-12,-2.3485637055624626,-0.1679996731863193
2016-12-13,-2.490726042086628,-0.5115856309603617
2016-12-14,-2.101370739540436,0.599618526764392
2016-12-15,-2.1879099635966806,1.8849227615400168
2016-12-16,-2.325873440820384,0.6987534128801764
2016-12-19,-2.427740583703192,0.20570276639806362
2016-12-20,-2.346454556782229,0.718067399817824
2016-12-21,-2.4989092936493784,0.15836242378113424
2016-12-22,-2.521155865551376,-0.05546481247401893
2016-12-23,-2.530725278263526,-0.09301683504654464
2016-12-27,-2.466669675510107,-0.5027093201635593
2016-12-28,-2.7082016073002264,-1.046804393690546
2016-12-29,-2.322292514041851,-0.1023182328019512
2016-12-30,-2.4226299746222586,-0.21741341530311523
2017-01-03,-2.249523096468791,0.3492403430205031
2017-01-04,-2.4007106908573386,-0.19325553439097493
2017-01-05,-2.0526408486742134,0.7196452738300149
2017-01-06,-2.229598288786018,0.4666583462503695
2017-01-09,-2.180125500971103,0.13462272676065126
2017-01-10,-2.253392583406965,0.1530526138465177
2017-01-11,-1.9664855796889438,0.986747954374373
2017-01-12,-2.063639547004789,0.49079074384617455
2017-01-13,-2.149795725648572,-0.6549744187731675
2017-01-17,-1.8327298815053854,1.2428831895561787
2017-01-18,-2.0370799410635296,0.04232969803309229
2017-01-19,-2.1513231970088404,0.36337728550399784
2017-01-20,-2.001108322654177,0.44352199130635367
2017-01-23,-2.0806274026024747,0.06283920541980512
2017-01-24,-2.020234421932433,0.28913700704243017
2017-01-25,-2.0462260805066728,-0.15513366607068588
2017-01-26,-2.1157210804630555,-0.306392708540806
2017-01-27,-2.2790143877780467,-0.3967592036307342
2017-01-30,-2.2277176159770824,-0.2538146894593397
2017-01-31,-1.8666982803308159,0.6394751488557625
2017-02-01,-2.0362120511836266,0.2587044254270283
2017-02-02,-1.9068397983393717,0.3586158041316053
2017-02-03,-2.00373741101774,0.12275832150551647
2017-02-06,-1.9329928729350532,-0.1457923696124303
2017-02-07,-2.0888246754383624,-0.5161345547676646
2017-02-08,-1.9157490184217123,-0.07053533004753273
2017-02-09,-1.8369851351847906,0.20422489992446746
2017-02-10,-1.9600604661359737,-0.03848250710561841
2017-02-13,-2.0303584983846865,-0.27064587552738595
2017-02-14,-2.020126167541511,-0.07410531198197869
2017-02-15,-1.945609121386017,-0.08692760215202894
2017-02-16,-2.0249081672882348,-0.4668473300131317
2017-02-17,-2.054726779757335,-1.2649846045778368
2017-02-21,-1.9665527643817104,0.004251401092822902
2017-02-22,-2.04765895046256,-0.3293668854655022
2017-02-23,-1.802398427262176,0.17471486253277954
2017-02-24,-1.846071472026585,-0.13550103333410782
2017-02-27,-1.8136081873006544,-0.08857962739701525
2017-02-28,-1.8786246654458885,0.02460472142508344
2017-03-01,-1.8197204670790186,0.5992123487218618
2017-03-02,-1.7048401398187594,1.0324450968200682
2017-03-03,-1.8751854199664137,0.7401913450572365
2017-03-06,-2.0372900356964534,-0.43509532688463975
2017-03-07,-2.099796338389694,-0.2353733730618791
2017-03-08,-2.185791283269861,-0.35284734643671034
2017-03-09,-2.2666029789842166,-0.3079050077788905
2017-03-10,-2.231804764463398,-0.09365173419695892
2017-03-13,-2.3241657074027877,-0.8596323325280508
2017-03-14,-2.3008636282511676,-0.7049986162250363
2017-03-15,-1.9617376092143763,0.3763197092464575
2017-03-16,-1.8220112619241842,0.4794447270315656
2017-03-17,-2.054875420853398,-0.2926591684683251
2017-03-20,-2.078220806953629,-0.5657646769641715
2017-03-21,-1.6723201292725107,0.8415640686084139
2017-03-22,-1.937472401821194,-0.06469813153553473
2017-03-23,-1.9287083835433292,-0.8844116609531798
2017-03-24,-1.9305155304496056,-0.8544890683779516
2017-03-27,-1.9090138500946252,-1.1679666492780902
2017-03-28,-2.0018248091237663,-1.110867787425731
2017-03-29,-2.0556009553863244,-0.9098904755289892
2017-03-30,-1.9641041691289576,-0.35654575985777437
2017-03-31,-2.014553320838891,-0.7920444507633378
2017-04-03,-2.0327772712705463,-0.989668544882571
2017-04-04,-2.0105470153799723,-0.954738673102911
2017-04-05,-1.895262065077494,-0.09718185746829909
2017-04-06,-1.9666108788150993,-0.7298634729266509
2017-04-07,-1.627855339574397,0.9351602202733347
2017-04-10,-1.974493994335215,-0.6087733664443786
2017-04-11,-1.5039387437140757,0.6890388314797594
2017-04-12,-1.611569231156259,0.2686792170639635
2017-04-13,-1.7239322378814428,-0.18747852875127685
2017-04-17,-1.6298470333870687,-0.2791781717064903
2017-04-18,-1.616825786337441,0.19564226610796887
2017-04-19,-1.5312267555068695,0.5797197390752172
2017-04-20,-1.7613050662263972,-0.05869102882742503
2017-04-21,-1.7597062595408368,-0.4123157019475292
2017-04-24,-1.6849667089641012,0.4673938619578576
2017-04-25,-1.6775987162308426,0.2717136486082417
2017-04-26,-1.8244564447644287,-0.10480889873034253
2017-04-27,-1.882770754088835,-0.4476237362973591
2017-04-28,-1.9806234589983935,-0.8518348488027347
2017-05-01,-1.73969802009918,0.07400121145244103
2017-05-02,-2.0211492586712567,-0.7423385958007799
2017-05-03,-1.7359920687366492,0.38162357687370213
2017-05-04,-1.8730452913583886,0.8598592122472796
2017-05-05,-2.0232965720648517,0.17740418340448688
2017-05-08,-1.9422029411781438,0.02310226589686578
2017-05-09,-2.01007973819974,0.2893241063616232
2017-05-10,-2.1327504299653692,-0.3455201642847752
2017-05-11,-2.0398792542858635,0.05950936792342841
2017-05-12,-2.0949827943088963,-0.28247919536708876
2017-05-15,-2.10083219972262,-0.583269015330806
2017-05-16,-2.092152345373039,-0.5629931964743438
2017-05-17,-1.4979619610003447,1.3644967942258073
2017-05-18,-1.6377317856695726,1.1669729794522534
2017-05-19,-1.9045849648919542,-0.10311942012956483
2017-05-22,-1.841763167746511,-0.1852054896665207
2017-05-23,-1.7611118135064292,0.523323490937211
2017-05-24,-1.8358805134991818,0.2417100669046571
2017-05-25,-1.9605482911683207,-1.0354308856714078
2017-05-26,-2.060671232683908,-1.8213869370008609
2017-05-30,-1.805099386692506,0.14705470978020874
2017-05-31,-1.73063986363092,-0.24596784335366823
2017-06-01,-1.866852974387991,-0.445753530491815
2017-06-02,-1.558977093045982,0.38603249624159347
2017-06-05,-1.8793641480255725,-0.9553917003504827
2017-06-06,-1.5335561200420114,0.12061470720465362
2017-06-07,-1.6285183821828761,-0.05868041406114599
2017-06-08,-1.527945482093136,0.6479296517718016
2017-06-09,-1.5792866340271445,0.40746876588125935
2017-06-12,-1.8651233125398448,-0.3722490013158593
2017-06-13,-1.824208896538322,-0.32811631798630336
2017-06-14,-1.4064269915470518,1.2303902975131675
2017-06-15,-1.7420171913217224,0.5082858924439351
2017-06-16,-1.9784807432731408,-0.6002783123753005
2017-06-19,-1.861561088054754,-0.04814658854310181
2017-06-20,-2.0147857835099945,-0.37949008542223256
2017-06-21,-2.0050361915707,-0.4540723581580505
2017-06-22,-1.9100541514009124,-0.2052497511955404
2017-06-23,-1.8948255333352446,-0.41429544194066564
2017-06-26,-1.7166472849388326,0.33839352894071567
2017-06-27,-1.9464631528635954,-0.2910217039348903
2017-06-28,-2.023493393560972,-0.6528455661138403
2017-06-29,-1.9224001357826823,0.0007120045164224686
2017-06-30,-2.048437754821751,-0.4520935252482477
2017-07-03,-2.2625924922871126,-1.0032022449607954
2017-07-05,-1.9652796206749163,0.8184094591349579
2017-07-06,-2.102066737392884,-0.2755648197873881
2017-07-07,-1.816113296955913,1.232671153955212
2017-07-10,-2.074806387126189,0.22777118283538828
2017-07-11,-2.0916912329907045,0.1066064607039899
2017-07-12,-1.9676725997789282,0.4964555359480873
2017-07-13,-2.1906303155189057,-0.3430525899166488
2017-07-14,-1.8925831151396095,0.35795560186458436
2017-07-17,-2.0991374793954,-0.5743569516668406
2017-07-18,-2.035216907426135,-0.39015342501942757
2017-07-19,-2.1134426229697882,-0.7477064099629793
2017-07-20,-1.989768006746702,-0.20003148699975598
2017-07-21,-1.942607018342464,-1.3268460883440454
2017-07-24,-2.046125867925391,-1.4197152361000367
2017-07-25,-2.0024613785063745,-1.2635091517081063
2017-07-26,-1.7592334597391568,-0.5356404536680444
2017-07-27,-1.8543736381589373,-0.6799736564449388
2017-07-28,-1.740437038048634,-0.05289970409760067
2017-07-31,-1.9164709477796829,-0.7427812769745689
2017-08-01,-1.796847151123847,-0.46836036692891525
2017-08-02,-1.8432492908407545,-0.4905196480557291
2017-08-03,-1.7811908822353215,-0.2912206013479811
2017-08-04,-1.6911683189821043,0.3715572544141317
2017-08-07,-2.053537093379271,-1.1770008117016022
2017-08-08,-1.8487060715202266,-0.2236645306552448
2017-08-09,-1.5615415645866828,0.4500265515964259
2017-08-10,-1.5968391719540203,0.1911096113256888
2017-08-11,-1.6130923904094623,0.15318031890643286
2017-08-14,-1.6216662846046925,0.09833135230428418
2017-08-15,-1.606455995474282,0.5679376311707657
2017-08-16,-1.5774672441965911,0.44974561382233685
2017-08-17,-1.6275506660984749,0.3633065624567049
2017-08-18,-1.4630313065820624,0.9601418469294032
2017-08-21,-1.6311993425627194,-0.06983752562952862
2017-08-22,-1.6804616865175004,-0.026103985568559866
2017-08-23,-1.7301751315228222,-0.37501563458863835
2017-08-24,-1.8004966452450974,-0.5184463410518161
2017-08-25,-1.4859571673742775,0.6122034390229382
2017-08-28,-1.345450471005416,0.5355794489972091
2017-08-29,-1.22250210362564,1.3768354405459635
2017-08-30,-1.5554843678188153,0.19405712250836968
2017-08-31,-1.1635440331260918,1.0972162910076277
2017-09-01,-1.4545345235881388,-1.2282802237019963
2017-09-05,-1.1122532579087723,1.6955780907777451
2017-09-06,-1.3422723945076351,0.29728580559468487
2017-09-07,-1.1674219861415662,0.6541580387555689
2017-09-08,-1.1793711964558253,0.740233805624589
2017-09-11,-1.2844853541685317,0.6342064966367613
2017-09-12,-1.4039043161479086,0.2890287784161867
2017-09-13,-1.270603092030979,0.6487710064723655
2017-09-14,-1.338724858770252,0.5297526073599866
2017-09-15,-1.3431140924590728,0.4722904145673283
2017-09-18,-1.4657740392037282,0.17281776660917356
2017-09-19,-1.6739889129653909,-0.3059955181004248
2017-09-20,-1.3543245582598276,0.6377576689002005
2017-09-21,-1.4994406501161874,1.1880123088248113
2017-09-22,-1.6519043509050357,0.04833306129290438
2017-09-25,-1.1680743091358303,1.445384718264027
2017-09-26,-1.2069758102336516,1.6912257011021001
2017-09-27,-1.4458543980173184,1.3692788862127903
2017-09-28,-1.5761443311602774,0.6215845658196668
2017-09-29,-1.516889996416544,0.7628292338504615
2017-10-02,-1.714166917232419,0.32190571047573696
2017-10-03,-1.8526146293746153,-0.31631855642634954
2017-10-04,-1.7658322176012016,-0.09144707858919354
2017-10-05,-1.7879092801810965,-0.30023935508648497
2017-10-06,-1.7145281295175618,0.43425071545758387
2017-10-09,-1.7894211525513055,-0.6268131447063061
2017-10-10,-1.6450826344243605,0.16014525376715427
2017-10-11,-1.762334818323561,-0.23731605291165359
2017-10-12,-1.7467155509084997,-0.4827024379440996
2017-10-13,-1.582481652018431,0.05638035123109563
2017-10-16,-1.5478172600001667,0.05622165584290242
2017-10-17,-1.5204032968156944,0.9506191967265171
2017-10-18,-1.6522054213768391,0.2123644459105033
2017-10-19,-1.5426329043079252,0.7618986857727108
2017-10-20,-1.5923199323202697,0.679289834306845
2017-10-23,-1.6985824645721765,0.23882942712519237
2017-10-24,-1.7472167613631817,0.019474024370927812
2017-10-25,-1.7387133020648595,0.5590038048355505
2017-10-26,-1.6387691406948681,0.8569029301211867
2017-10-27,-1.7826621267563412,0.3920902833863057
2017-10-30,-1.8184029183625892,-0.282372889077207
2017-10-31,-1.8326508513629391,-0.12951340156905297
2017-11-01,-1.6935858140353124,0.5856659108323529
2017-11-02,-1.73084104283086,0.5109285708372876
2017-11-03,-1.6665444595379557,0.8000591025557339
2017-11-06,-1.579148584438459,0.6717931277280306
2017-11-07,-1.7189810172546405,0.49781040072126687
2017-11-08,-1.6455084747844124,0.57409200114228
2017-11-09,-1.9670784813786704,-1.731156716345793
2017-11-10,-1.6084228669599812,0.915896687211449
2017-11-13,-1.8324807199803927,-0.30323699789134145
2017-11-14,-1.6148469103592342,0.7065399547819102
2017-11-15,-1.6177012035378606,1.059332259071125
2017-11-16,-1.8334750508589666,-0.14595360435103527
2017-11-17,-1.40542963856934,1.0623057084786176
2017-11-20,-1.3420835277601824,1.979253145222808
2017-11-21,-1.648563746618881,0.6666810978823308
2017-11-22,-1.7701484099041305,-1.3121146749993267
2017-11-24,-1.6530889727150715,-0.44024022344034264
2017-11-27,-1.5124036578682385,-0.025572717929440603
2017-11-28,-1.594835887495546,0.22323698398691919
2017-11-29,-1.4277835192450483,1.4466524390125042
2017-11-30,-1.5636108399770148,0.9462278722194648
2017-12-01,-1.449713545277031,1.4455129247503717
2017-12-04,-1.8455467129483922,-0.18241368285221798
2017-12-05,-1.6417991624152635,0.7558146205729813
2017-12-06,-1.9010879592232661,-0.28674163160320465
2017-12-07,-1.6535675009868451,0.8505348690238747
2017-12-08,-1.9459531996221864,0.0646000366937757
2017-12-11,-1.966440492677963,-0.40870535005696446
2017-12-12,-2.05191389663364,-0.4199235358158052
2017-12-13,-1.765056991001653,0.4601922840736446
2017-12-14,-1.9037345068109015,-0.15171924282401175
2017-12-15,-1.9070852200864712,-0.18706087135413663
2017-12-18,-1.8776374969798928,-0.46680837065601616
2017-12-19,-1.9913284027705551,-0.718280947527151
2017-12-20,-1.9596556254069586,-0.7557098567373047
2017-12-21,-1.9989052405855379,-0.9409590902273284
2017-12-22,-1.8499478139345469,-0.8014444774396885
2017-12-26,-1.8465270747663056,-1.1515226572977746
2017-12-27,-1.8694891926358566,-0.9620197256089711
2017-12-28,-1.8465360899788386,-0.9128578688140141
2017-12-29,-1.644908377952188,-0.616051954032596
2018-01-02,-1.5424880981932292,-0.2589809576401592
2018-01-03,-1.5267793572707924,0.07285849591432997
2018-01-04,-1.3899205613154877,0.3977899463872113
2018-01-05,-1.583150030254467,-0.15417092445403385
2018-01-08,-1.665289324985502,-0.6377440289811039
2018-01-09,-1.530098609088299,0.2251769987321949
2018-01-10,-1.3611328277450965,0.6511561051604512
2018-01-11,-1.640142141473552,-0.5900496431976453
2018-01-12,-1.596402149623278,-1.7152501084830356
2018-01-16,-1.3146793182145067,0.9968870538648849
2018-01-17,-1.267567963936761,0.5739295129613236
2018-01-18,-1.4911939603315254,0.2284768015815109
2018-01-19,-1.4318131481534693,-0.07908927409912812
2018-01-22,-1.486453396683882,0.13166299374289392
2018-01-23,-1.3878751802931732,0.38424848932672506
2018-01-24,-1.0201263608270819,-0.09055585898109592
2018-01-25,-0.9662285413839294,0.07530684662956816
2018-01-26,-1.2351306440741672,-0.15619955796713128
2018-01-29,-1.174552087156973,0.4672363541502454
2018-01-30,-1.1337734248077769,1.3811425830722572
2018-01-31,-1.1318795189706212,1.169522076950573
2018-02-01,-1.1574343681373966,0.7292280822324322
2018-02-02,-1.0686076672737008,1.4266741600710033
2018-02-05,-1.3732557829096717,0.15174964415793504
2018-02-06,-1.0558068855852345,1.6254922822458036
2018-02-07,-1.2825760838490414,0.8730083852101127
2018-02-08,-1.3839903456296785,0.6231918902845246
2018-02-09,-1.4927927401792875,0.23905164659872885
2018-02-12,-1.428384632015029,-0.2321675175530901
2018-02-13,-1.4944890734093166,-0.4494035967724537
2018-02-14,-0.5766822216847771,2.3708200534864106
2018-02-15,-1.2305785472970305,0.36078112141864294
2018-02-16,-1.4372197264891327,-1.3273008486782496
2018-02-20,-0.9343166961323732,2.033665593114277
2018-02-21,-1.2043975305857877,0.7912446711176885
2018-02-22,-1.2996262952906588,0.4011462788096137
2018-02-23,-1.4066198389505473,-0.004799579667501029
2018-02-26,-1.3197166997024974,0.13090475484090827
2018-02-27,-1.3624350992204846,-0.6751321055319053
2018-02-28,-1.524566802818173,0.04163709857946241
2018-03-01,-1.3457675916711618,1.1840872647893843
2018-03-02,-1.409368899309635,0.15954290049549869
2018-03-05,-1.4323265728339467,0.11227450546611904
2018-03-06,-1.143421200688428,0.7996742920208516
2018-03-07,-1.1277596072513996,1.1606834640563268
2018-03-08,-1.4187260453013777,0.2864725634383423
2018-03-09,-1.3374778577001345,0.8654348385877599
2018-03-12,-1.4864199031786747,-0.049512821873200406
2018-03-13,-1.369002571867135,0.45342659167864086
2018-03-14,-1.5207332433876608,-0.1909334942596728
2018-03-15,-1.5280182560052376,-0.2531209145088568
2018-03-16,-1.5719455652625443,-0.12849504079204338
2018-03-19,-1.554227093459281,-0.13862590334289976
2018-03-20,-1.58374547004703,-0.07375151211670058
2018-03-21,-1.1051857434376267,1.5808339012742547
2018-03-22,-1.4892032350724322,-1.2237934239804569
2018-03-23,-1.0972107817044774,-0.19667530757617455
2018-03-26,-1.246622299320298,-0.2543724370786456
2018-03-27,-1.496142340980095,-1.2077021006895483
2018-03-28,-0.9407480266637862,1.893436184351344
2018-03-29,-1.4024170533190887,0.32614631052926574
2018-04-02,-1.0563769700345145,-0.40505238954512585
2018-04-03,-1.11049949584069,1.3085926911918497
2018-04-04,-1.0558263280222755,1.3602047208142776
2018-04-05,-1.241466268799882,0.9026599283061647
2018-04-06,-1.1076439197498376,1.460133446468435
2018-04-09,-1.279569975190354,0.3010436825859931
2018-04-10,-1.220692866517278,0.6154034111434686
2018-04-11,-0.8274438942677865,1.9376401513388188
2018-04-12,-1.056626183883917,1.4431013096502399
2018-04-13,-1.2143228004993847,0.3761224198066463
2018-04-16,-1.2973593249626423,0.08426992358049269
2018-04-17,-1.2813442438295084,0.21648378400099094
2018-04-18,-1.1985964525867219,0.43001455829564433
2018-04-19,-1.1917133635642394,0.6835389405275203
2018-04-20,-1.3464691610545232,0.1734149616885397
2018-04-23,-1.4035447641155097,0.24446086626507718
2018-04-24,-1.435318163551189,-0.04764616958009309
2018-04-25,-1.4112170612613466,0.18213538962698575
2018-04-26,-1.4652753045908642,0.22566377881164562
2018-04-27,-1.4983461952205617,-0.17674525519237783
2018-04-30,-1.3969512187494812,0.4087693311319816
2018-05-01,-1.461974887411008,0.4016623889380314
2018-05-02,-1.5530268581782787,0.47832570415860964
2018-05-03,-1.491923610293231,0.19905855163918454
2018-05-04,-1.6051964550600109,-0.04458436790682648
2018-05-07,-1.6064024809676285,-0.3899888094930039
2018-05-08,-1.5058212625852156,0.6171592223770043
2018-05-09,-1.4960731580794084,0.5185191902247867
2018-05-10,-1.5161939494780685,0.17456150140762297
2018-05-11,-1.6152339762901424,-0.4658161249356329
2018-05-14,-1.6475380110320375,-0.6098244149923547
2018-05-15,-1.1547123842265559,2.4054545185829
2018-05-16,-1.5655428862940164,0.7236192217770903
2018-05-17,-1.6059498499840523,0.5401982664600512
2018-05-18,-1.6376706535863217,0.266333326774309
2018-05-21,-1.5919785703712126,0.6155298072917536
2018-05-22,-1.688315469431678,-1.023066870220877
2018-05-23,-1.6266016939206456,-0.6953415942416576
2018-05-24,-1.6120004996219197,-1.0476802083610268
2018-05-25,-1.7396704559791794,-1.3532053152695807
2018-05-29,-1.5164187031662517,0.5810695026719085
2018-05-30,-1.6354565773233358,0.10651986816318308
2018-05-31,-1.6063429775033111,0.07256729117024305
2018-06-01,-1.608308786719477,0.26513952794396706
2018-06-04,-1.7259673809255354,-0.45673613591756107
2018-06-05,-1.7094288109333435,-0.4724434743622094
2018-06-06,-1.7693312080351427,-0.6582740885454216
2018-06-07,-1.7590417367038862,-0.6958127008759987
2018-06-08,-1.785192379671047,-0.8553466262096253
2018-06-11,-1.7694029151366923,-0.8785424582795953
2018-06-12,-1.798250840283987,-0.7960718970596244
2018-06-13,-1.744543925316719,-0.600142145029223
2018-06-14,-1.6316693884864188,-0.09599616199543348
2018-06-15,-1.1321237776678494,2.803624001494621
2018-06-18,-1.769950700835449,-0.21426279574158155
2018-06-19,-1.5662068914156488,0.7084765680510247
2018-06-20,-1.7252523141023461,0.21973359781419863
2018-06-21,-1.7243255514592797,0.5208135326909089
2018-06-22,-1.8581554329389245,-0.26755051407760666
2018-06-25,-1.791425478137523,-0.09546185301584204
2018-06-26,-1.9036921661267012,-0.32306099591349946
2018-06-27,-2.0084748927058307,-0.5258197594592828
2018-06-28,-2.073387873314836,-0.6466199749691682
2018-06-29,-2.0086519759604027,-0.6008060893097994
2018-07-02,-1.9014260937724887,0.09143364253812183
2018-07-03,-1.6531476979082236,-0.04967352328465459
2018-07-05,-1.797400721157584,0.7461714918121818
2018-07-06,-1.9720427798202673,-0.3995220800096782
2018-07-09,-1.8399298357267904,-0.05422679533870234
2018-07-10,-1.815289247934578,0.29551247071502557
2018-07-11,-1.7732119801033357,0.7173763260174452
2018-07-12,-2.0257666029934813,-0.3431901033539006
2018-07-13,-1.9679768431394802,-0.06272209657611787
2018-07-16,-2.1244951893921695,-0.7888464596664887
2018-07-17,-1.8516564182750663,0.662705478973392
2018-07-18,-2.1396951436486416,-0.1576943087428785
2018-07-19,-1.8865908362570065,1.1467274254799809
2018-07-20,-1.9094580884797983,0.6438367604512183
2018-07-23,-2.0198293150300235,-0.9770562936377301
2018-07-24,-2.097788398837058,-1.1114675222060508
2018-07-25,-2.071160337514685,-1.1864520002806846
2018-07-26,-2.0606732679910382,-0.9444545278768907
2018-07-27,-2.1307285591949725,-0.7817995723036812
2018-07-30,-2.209290785013705,-0.842333349066498
2018-07-31,-1.9978289551882369,0.04262401753267292
2018-08-01,-2.157919452030591,-0.5332988380978684
2018-08-02,-2.190298361833281,-1.0648680676286537
2018-08-03,-1.915057019366616,0.4926018559924799
2018-08-06,-2.245724351903919,-1.0217356184013107
2018-08-07,-2.0473372066791136,0.062323738477498135
2018-08-08,-1.9921312717738355,0.512368757448502
2018-08-09,-2.0600132051306494,0.22908909786406323
2018-08-10,-1.9442428983497044,0.9333979391769225
2018-08-13,-1.7578958005209202,1.9366754903225698
2018-08-14,-2.3925769633567855,-1.1865823957041757
2018-08-15,-1.9324478521783073,1.5690984796971172
2018-08-16,-2.033487265593247,1.2218236231700226
2018-08-17,-2.2393830171752382,0.19984170601573314
2018-08-20,-2.2499941787224658,-0.15222093181515467
2018-08-21,-2.1632487285964377,0.0974658459238266
2018-08-22,-2.2367815456847926,-0.2292840676568407
2018-08-23,-2.1856877464185542,0.13377413941087055
2018-08-24,-1.7908028028349587,0.9949315214251543
2018-08-27,-2.1144848102849148,-0.0716616258853864
2018-08-28,-2.1032994262575553,-0.7466945818056361
2018-08-29,-2.162751034520131,0.09364758409368888
2018-08-30,-2.0517758287333696,0.6585597250194928
2018-08-31,-2.1922204282075013,-0.4528306518562009
2018-09-04,-1.9870063545126286,1.4670111112638236
2018-09-05,-2.3213877566714083,-0.5166559595308124
2018-09-06,-2.168782666945997,0.08692255818443019
2018-09-07,-2.245229982627764,-0.05225929148721609
2018-09-10,-2.3555669787051063,-0.6188951089029889
2018-09-11,-2.25099063135424,-0.23237925005116794
2018-09-12,-2.072519674556593,0.2521525240044928
2018-09-13,-2.1525332859005495,0.10046981694559241
2018-09-14,-2.110963911323801,0.28865264987197625
2018-09-17,-2.2106475834645694,-0.35268664483431234
2018-09-18,-2.2957940652183795,-0.3902781901305205
2018-09-20,-2.226649103655574,-0.3466307359090178
2018-09-21,-1.9496833128266438,1.0510448631542355
2018-09-24,-2.218640583139946,-0.2832480560899704
2018-09-25,-2.2995478175176385,-0.5063149894755712
2018-09-26,-2.1544057295488046,0.5607069281836415
2018-09-27,-2.227021995781079,-0.7184778990812261
2018-09-28,-2.0634144590674532,0.7971254760723611
2018-10-01,-2.2374665567154874,0.14745511031932915
2018-10-02,-1.8377423854663646,1.4033171819046346
2018-10-03,-2.0404230785429593,0.6421928668541473
2018-10-04,-2.053524809898962,0.7743756635954628
2018-10-05,-2.1001259389231404,0.43987905719029224
2018-10-08,-2.0979626845434347,-0.2226252694101837
2018-10-09,-2.1713120802698986,0.3947317764322603
2018-10-10,-2.1467540737530078,0.4919126213184984
2018-10-11,-1.2449838293227105,3.337539397531981
2018-10-12,-1.8402826746092373,1.4472916888584657
2018-10-15,-1.9257506359975842,-0.3403810617539878
2018-10-16,-1.8116058090721727,0.9614667350620654
2018-10-17,-1.9302865313663844,0.5838347440698186
2018-10-18,-1.8640057719698973,0.7147625626981393
2018-10-19,-1.9560038107279698,0.3144892961876575
2018-10-22,-2.1711550289782098,-0.7020563704466966
2018-10-23,-1.8729427725303336,0.23264246812028372
2018-10-24,-2.084921102578244,-0.33609672979485966
2018-10-25,-2.0117796939637484,-0.07476204363672137
2018-10-26,-1.940619827846495,0.26582120542040677
2018-10-29,-2.03434509541776,-0.05960423636324975
2018-10-30,-2.0619427720830004,-0.1543657050706608
2018-10-31,-2.079767277782928,0.12410945653038122
2018-11-01,-1.6410148859713956,1.0878695166218841
2018-11-02,-1.9809221994965993,0.38096671389778486
2018-11-05,-1.9961640224516781,-0.11497289089384158
2018-11-06,-1.9080036140222203,0.31303936092628476
2018-11-07,-1.858813458029216,0.6134126460414582
2018-11-08,-2.0319605798707174,0.27060358612134794
2018-11-09,-1.8408276674169908,1.3768696615731144
2018-11-12,-2.556415429404402,-1.8820222904253916
2018-11-13,-2.463879194980085,-1.6918019600808158
2018-11-14,-2.0474197787427353,1.0396959425471242
2018-11-15,-2.105364387520735,0.0851656865960031
2018-11-16,-1.998078558621711,0.24005986447085695
2018-11-19,-2.0897310467835672,-0.17224385199062045
2018-11-20,-2.116637913679663,-0.07468956504239782
2018-11-23,-2.136400634479629,-0.3348280288298745
2018-11-26,-2.21312375058523,-1.0793935266999495
2018-11-27,-2.088580108747619,-0.5603923804450255
2018-11-28,-1.9543625330487628,-0.1287351545507373
2018-11-29,-2.120323250530936,-0.3276986221699912
2018-11-30,-2.1393161116576396,-0.5980135910225799
2018-12-03,-1.92594443841295,0.011892855650791855
2018-12-04,-1.9346274016309806,-0.12461735017822839
2018-12-05,-2.090169827080145,-0.8530016245343937
2018-12-06,-1.9793031347939114,-0.13678411180161246
2018-12-07,-1.8915799969488276,-0.21801543984660518
2018-12-10,-1.9559710100429637,-0.36598617321358934
2018-12-11,-1.9924940874406976,-0.5084937242686985
2018-12-12,-2.123115452789829,-1.098213115854472
2018-12-13,-2.1071698140437443,-1.0024598860646492
2018-12-14,-2.0488775434262907,-0.5776155831149932
2018-12-17,-1.9450278708872815,-0.6273897257854268
2018-12-18,-2.0947450378703603,-0.9415821413376873
2018-12-19,-1.8091015248918931,0.0685674873482856
2018-12-20,-1.590006501824996,0.655027649277492
2018-12-21,-1.90313910722016,-0.22695101152115082
2018-12-24,-1.7530218443602896,-0.5014659468730353
2018-12-26,-1.6976109475619692,-0.08458473944575118
2018-12-27,-1.7368610092831616,-0.26255530538972266
2018-12-28,-1.8208007621530036,-0.6599600647557077
2018-12-31,-1.8526224141552816,-0.9206989421510055
2019-01-02,-1.732847714513808,-0.25498360270479864
2019-01-03,-1.725473362870962,-0.47937199038835093
2019-01-04,-1.4667353545404171,0.6632398787318882
2019-01-07,-1.6907241179338999,-0.41905394155535536
2019-01-08,-1.7491874699336276,-0.38837911733853353
2019-01-09,-1.6517581689770342,-0.16680182638095692
2019-01-10,-1.6964089927701105,-0.19843054676866348
2019-01-11,-1.7647599050723202,-0.5210792935028765
2019-01-14,-1.9742576680277473,-1.9998193062467498
2019-01-15,-1.8965832501522113,-0.39021520383739994
2019-01-16,-1.845634098890711,-1.032898761890481
2019-01-17,-1.873241406996449,-0.9800781276754266
2019-01-18,-1.9556655575799573,-1.270082172372009
2019-01-22,-1.822697140066281,-0.12791585560557
2019-01-23,-1.8695113095743672,-1.5348667872090282
2019-01-24,-1.8795592962299656,-1.3496283391784665
2019-01-25,-1.384425005954537,-0.3804431781883916
2019-01-28,-1.675036248580867,-0.8488370810464734
2019-01-29,-1.5850407473870798,-0.5007604355580539
2019-01-30,-1.4402185209139373,0.10315380808246893
2019-01-31,-1.5358533025032288,-0.5193254400634001
2019-02-01,-1.5771056047957654,-0.5191076739767175
2019-02-04,-1.5608168976879886,-0.6548222179935843
2019-02-05,-1.7411938951927821,-1.323554000256925
2019-02-06,-1.6600260510621523,-1.0020593572001104
2019-02-07,-1.6982610733105266,-0.9786294582176114
2019-02-08,-1.7033242278946514,-1.207038650895853
2019-02-11,-1.7974058615250308,-1.794016758117194
2019-02-12,-1.6816538779767498,-1.0225261790027764
2019-02-13,-1.7660756143375969,-1.7708585826645058
2019-02-14,-1.5718817604726745,-0.3465494322990959
2019-02-15,-1.640283253109217,-1.331309600639856
2019-02-19,-1.0916567298286473,0.9046128828455099
2019-02-20,-1.3253009511918223,0.006997802005922426
2019-02-21,-1.116704601588705,1.1543678722732174
2019-02-22,-1.326660388098979,0.3279235631274627
2019-02-25,-1.437296760370462,-0.12893180677833962
2019-02-26,-1.4569248959177563,-0.1503606082079027
2019-02-27,-1.473292396683443,-0.8184118509218772
2019-02-28,-1.4200847284753557,0.1036724128190288
2019-03-01,-1.2570926364220865,1.2558809705088883
2019-03-04,-1.6240004139443582,0.18846800312046966
2019-03-05,-1.8096379316117908,-0.5285610026791775
2019-03-06,-1.8014181513152663,-0.637814192333333
2019-03-07,-1.7692060867068966,-0.2177638689207185
2019-03-08,-1.497720815838838,0.3760482127673256
2019-03-11,-1.6850389386145241,-0.20550606063888577
2019-03-12,-1.9572043127049166,-1.8994925350622154
2019-03-13,-2.0012343241608392,1.3333321138879437
2019-03-14,-1.934127077471236,-1.4815872150965803
2019-03-15,-1.9675779856058984,2.058378121426292
2019-03-18,-1.6114100825598767,-0.21836683347399202
2019-03-19,-1.5943418388103754,-0.20930506240095031
2019-03-20,-1.9025989548961526,-1.6621141510750106
2019-03-21,-1.452624851105778,-0.40921179407537756
2019-03-22,-1.6003254349748055,-0.9831743284006538
2019-03-25,-1.5089519304370498,-1.0933499672725973
2019-03-26,-1.5466262277416785,-0.7639172668496339
2019-03-27,-1.5185963928577306,-0.2807965834261306
2019-03-28,-1.1811765031033417,2.007769294629907
2019-03-29,-1.4884196596986201,0.5131518456282647
2019-04-01,-1.6055123643516196,0.1278915724708069
2019-04-02,-1.7027348978370085,-0.30930001521629713
2019-04-03,-1.758734450332834,-0.5647034316989821
2019-04-04,-1.5964186374213796,0.13161849995337768
2019-04-05,-1.677980757629371,-0.1804447393291029
2019-04-08,-1.8878965563608774,-2.067348119312163
2019-04-09,-1.7051546306288288,-0.799085294390529
2019-04-10,-1.6770710645953897,-0.7447625500665276
2019-04-11,-1.3658954581923297,1.0645747760598658
2019-04-12,-1.7274465261662715,-0.42914529665769163
2019-04-15,-1.6587153504155447,0.017947135645146106
2019-04-16,-1.5200851741617378,1.0016554990295667
2019-04-17,-1.7700727762426864,-0.07081865190875958
2019-04-18,-1.8246140845178092,-0.20658880915250685
2019-04-22,-1.870123719618046,-0.8020214053636991
2019-04-23,-1.8274701184889612,-0.11427064852209512
2019-04-24,-1.8076743710572956,-0.33315631404384743
2019-04-25,-1.8097963265010522,-0.34350532425458596
2019-04-26,-1.693831852299529,-0.17037611207286701
2019-04-29,-1.8218926754672085,-0.5493385430603046
2019-04-30,-2.047722179171807,-2.0282217463010723
2019-05-01,-1.6821829159093924,0.04099688938262796
2019-05-02,-1.7574192725066156,0.23419633882452656
2019-05-03,-1.6549789011530924,0.20635917894661754
2019-05-06,-1.7511550208605837,-0.14550483710560913
2019-05-07,-1.7901864442809345,-0.27839117495974786
2019-05-08,-1.6889118642087908,0.17790772114313702
2019-05-09,-1.756417011952314,0.012148676844214694
2019-05-10,-1.820661435983153,-0.46998932390414777
2019-05-13,-1.4597888700362798,0.6633055140865826
2019-05-14,-1.7011172893183684,-0.3858561049933842
2019-05-15,-1.7268066230946104,-0.3727726467419033
2019-05-16,-1.5816362208249723,0.32746615638110704
2019-05-17,-1.6339986558682482,0.3858659866713922
2019-05-20,-1.855361689671704,-0.3825924056008205
2019-05-21,-1.8112524812500244,-0.20791861358893432
2019-05-22,-1.9654783155709896,-0.8653870844209779
2019-05-23,-1.6383289013222624,-0.7973971019582738
2019-05-24,-1.8803540847605735,-1.41503171230606
2019-05-28,-1.6814453914733536,-0.06713424622547216
2019-05-29,-1.813452554191875,-0.5726697638920744
2019-05-30,-1.7337827495505507,-0.9796902858182494
2019-05-31,-1.3074704747183572,0.8652417052670849
2019-06-03,-1.129459842742435,1.2097707407406846
2019-06-04,-1.5673193058460524,-1.1957317401903877
2019-06-05,-1.0962327858810605,1.3647360660404915
2019-06-06,-1.308482578434237,0.1157454270103813
2019-06-07,-1.148799044806476,0.7433584053298828
2019-06-10,-1.28184748811252,0.5341872602126474
2019-06-11,-1.4136478462820206,-0.08785863175151856
2019-06-12,-1.3661291387967318,-0.0774463877079152
2019-06-13,-1.3741580086817147,-0.340676453688173
2019-06-14,-1.0914999562534633,0.8875419878183191
2019-06-17,-1.3985331976579876,-0.2450767448741498
2019-06-18,-1.1703701552667942,0.7286712151410375
2019-06-19,-1.165601050001124,0.32959319267612663
2019-06-20,-0.27692402725613635,2.9909618380459255
2019-06-21,-0.36593638275373747,2.9358969391268963
2019-06-24,-0.47900372289283016,1.7205562675076804
2019-06-25,-0.19032146792320087,3.5614465519006027
2019-06-26,-0.9378434188520637,-0.6395522101630066
2019-06-27,-0.6632873865909261,1.4694490886195273
2019-06-28,-0.5337291577171063,1.5337311697913947
2019-07-01,-1.1123561929098766,-0.905737316382082
2019-07-02,-0.27062647601477297,2.1993002843408425
2019-07-03,-0.8249626365014963,-0.40737977360717975
2019-07-05,-0.157099588879407,3.658719085359275
2019-07-08,-0.7376810902482301,1.1347879377395897
2019-07-09,-0.7964488477429919,0.9279948528694779
2019-07-10,-0.35999879635136384,2.3707034868291017
2019-07-11,-0.46886602075684297,1.806172974562361
2019-07-12,-0.8399052339312456,0.31535684973349465
2019-07-15,-0.902527300763572,-0.10841320654485335
2019-07-16,-0.8674249849434279,0.26232695133834827
2019-07-17,-1.3603616270463392,-2.364912113343245
2019-07-18,-0.5079497760309296,2.3927864852772394
2019-07-19,-0.33540102704712654,1.8956646209501367
2019-07-22,-1.0438779397556122,-0.7747854640896324
2019-07-23,-0.8178089534343111,0.4729285207030522
2019-07-24,-0.8853657374086141,-1.406338877317199
2019-07-25,-0.6689887752253774,-0.43166317423803047
2019-07-26,-1.2375102434099128,-2.2048727377591812
2019-07-29,-0.9327092187923572,-0.4254300200249766
2019-07-30,-0.8248284844577516,-0.38906853722005547
2019-07-31,-0.4804584360749509,1.2606121855523156
2019-08-01,-0.027227596438569833,3.0765662907223965
2019-08-02,-0.3907661163309127,1.4119684454183048
2019-08-05,-0.4282166299485789,-0.7846431074492553
2019-08-06,-0.30787641624803797,0.8507908333834352
2019-08-07,-0.00504032405844473,-0.43086301109567815
2019-08-08,-0.09316061187807209,1.151358177519362
2019-08-09,-0.21783040169330753,0.5759597810322374
2019-08-12,0.13074006455574924,1.173239047948018
2019-08-13,0.7328573253725909,3.705661412432333
2019-08-14,0.1642178491887652,1.7460369036495436
2019-08-15,-0.06273376914664627,0.9711752733586166
2019-08-16,-0.0590785584362477,0.43955008852511734
2019-08-19,-0.19618713555017495,0.3214297868331478
2019-08-20,-0.3180979783129856,-0.2462786407701116
2019-08-21,-0.3936778082216441,-0.46043498272809275
2019-08-22,-0.784149875564416,-1.8714461421369712
2019-08-23,0.5120990103079619,2.5752610135277925
2019-08-26,0.4438707603171704,2.223272753746372
2019-08-27,0.20022001337884554,1.2526771461498627
2019-08-28,0.11531842746650739,1.14324390222037
2019-08-29,0.4632025942047633,2.560311649248776
2019-08-30,0.06283882896338218,1.2701085890461696
2019-09-03,0.5105492372963685,2.7755695786192764
2019-09-04,0.25349213236603624,1.3313775354283712
2019-09-05,0.8213724161609055,4.246007066252781
2019-09-06,-0.1040201495590161,-0.2818289989289249
2019-09-09,-0.02065208574202641,1.2537141941210577
2019-09-10,-0.0891787366655435,1.7223702126409854
2019-09-11,-0.19986085327775538,0.9538961624777039
2019-09-12,0.30468535551207393,2.5283277956722685
2019-09-13,-0.7722325313543305,-1.571551638046372
2019-09-16,-0.6807780303965173,-1.9230992927915753
2019-09-17,-0.3149143550263815,0.4530216305296732
2019-09-18,0.018058900508492803,1.129509229417974
2019-09-19,-0.3231301019960884,0.22321581245025715
2019-09-20,-0.7541283868876505,-2.125845621501478
2019-09-23,-0.4120927070262796,2.143971316902656
2019-09-24,-0.2660396169803208,-1.3366084873959532
2019-09-25,0.29844692115939936,2.599604902387448
2019-09-26,-0.2362010845219896,0.7268661631496599
2019-09-27,-0.07110011752637709,1.6135223897662914
2019-09-30,0.21099683982415796,2.8517980065287984
2019-10-01,0.0881035373057839,2.3981981088992343
2019-10-02,-0.07563215668898841,-0.2192764153406477
2019-10-03,0.12428340891243685,1.8679001538835
2019-10-04,-0.37613838277022277,-0.9003479843393314
2019-10-07,-0.41205748305541756,0.25991116488596827
2019-10-08,-0.31935858887590246,-0.6723343749080766
2019-10-09,-0.4447925091397818,-0.3119875370055055
2019-10-10,-0.015254194358603241,1.4720687160731218
2019-10-11,-0.0018992052236802663,1.9870672567947318
2019-10-14,-0.40888391727328105,-0.2652528180596556
2019-10-15,-0.23679456915663913,0.7976810002387288
2019-10-16,-0.33428668510170023,0.7145408825270989
2019-10-17,-0.34769663874535794,0.3465813979439417
2019-10-18,-0.7931108588229715,-1.8563259328231798
2019-10-21,-0.43659800998493187,0.06066613367117769
2019-10-22,-0.6229739541172116,-0.7083333492758379
2019-10-23,-0.5543028709935596,-0.5709364875609565
2019-10-24,-0.3806458859239581,-0.11110599723492467
2019-10-25,-0.7491056751215266,-2.179420342826663
2019-10-28,-0.34228946920085396,0.1764307867051503
2019-10-29,-0.7131386391313568,-0.6879705773474288
2019-10-30,-0.6297604098864776,-1.8818150388430692
2019-10-31,-0.1565413033267564,0.6996580009514554
2019-11-01,-0.5581287678237552,-1.6951598568435693
2019-11-04,-0.39354988616041886,-0.31295146734449875
2019-11-05,0.13982672781671507,3.0493398075295928
2019-11-06,-0.4783642421071151,0.21627019378063478
2019-11-07,-0.683445226425252,-0.7939056468814037
2019-11-08,-0.6597251404370674,-0.9557141329982979
2019-11-11,-0.4622601007939773,0.9575063022832756
2019-11-12,-0.8077382828979639,-1.264554250389702
2019-11-13,-0.728413479478134,0.9672455145939628
2019-11-14,-0.4594930049920413,0.5741628397802384
2019-11-15,-0.8995934744242217,-1.7327951651056024
2019-11-18,-0.5685374973395769,0.460042391139586
2019-11-19,-0.8690324037261729,-2.0628817445095784
2019-11-20,-0.8614091934805281,-2.014892448828324
2019-11-21,-0.6927712714620685,-1.4078184283394557
2019-11-22,-0.7570441929785469,-1.538934669754826
2019-11-25,-0.8961289007235649,-1.5839678806830682
2019-11-26,-0.7340017790043758,-0.5969626588462049
2019-11-27,-0.8873414030755821,-1.429047323745247
2019-11-29,-0.5612330791835187,-0.13523146485078763
2019-12-02,-0.5956017895367569,0.19942460965588685
2019-12-03,-0.49851768536751034,-1.1491844330661427
2019-12-04,-0.4666395853888319,0.28604361741628653
2019-12-05,-0.6237132562757258,-0.4474770428903512
2019-12-06,-0.5337716318907123,-0.7112178553014489
2019-12-09,-0.6983375464550489,-0.5825341265781713
2019-12-10,-0.8459212693098123,-1.6921043600472294
2019-12-11,-0.7315293852926031,-0.555607628499682
2019-12-12,-0.620913337839838,0.5867108408618021
2019-12-13,-0.6601983130589756,-1.4066985040097801
2019-12-16,-0.6448716112605066,-0.7694492330725591
2019-12-17,-0.7847515569491944,-1.3143835929790824
2019-12-18,-0.7275290703926922,-1.0308522741002777
2019-12-19,-0.898872641004708,-2.2860119578518594
2019-12-20,-1.006026229151413,-2.589978137013169
2019-12-23,-0.6935487296351983,-1.3184948411903876
2019-12-24,-0.674742932792593,-2.076886590023458
2019-12-26,-0.3635117045158239,-0.5385355218762584
2019-12-27,-0.4904401251020431,-0.9553362038095146
2019-12-30,-0.5543676720022401,-1.1987659535722732
2019-12-31,-0.5394976955475366,-1.9970120867961554
2020-01-02,-0.3138573090448824,-0.5250209911966697
2020-01-03,-0.12093758618399537,-1.5908983026116117
2020-01-06,0.40414530901603846,1.7928233035699237
2020-01-07,0.20753747097418473,0.871210435987154
2020-01-08,0.04705481744720351,2.7596006533942212
2020-01-09,0.1501642471992184,0.9596529882844875
2020-01-10,-0.15545182881594263,-1.4465068465649773
2020-01-13,0.0032365790610300637,0.6182572400834511
2020-01-14,-0.11977506385980813,0.2817163417457081
2020-01-15,-0.15019841975504705,-0.2641806433879129
2020-01-16,-0.2256738560835765,-0.5827618402575016
2020-01-17,-0.43141312890257,-2.3850592504598427
2020-01-21,-0.2070388051728848,-1.8807851880024393
2020-01-22,-0.3574525336153755,-0.8011222976276376
2020-01-23,-0.08026908522905778,-1.4964026881457293
2020-01-24,-0.2002562112776806,-1.9220829141062468
2020-01-27,-0.019287301749901987,-1.2567836400112014
2020-01-28,0.078317902676477,-0.5294517464450009
2020-01-29,0.0007497461128149651,-0.5301815491619897
2020-01-30,0.11412758746234083,0.18206187225981302
2020-01-31,0.03492724385166498,-1.4601001599066827
2020-02-03,0.3173909712506413,0.34318415614683423
2020-02-04,0.4294573254106414,1.4300540002308708
2020-02-05,0.03445206658643046,0.24924880276575725
2020-02-06,0.0569308834359754,-0.12206294432769248
2020-02-07,-0.1208605994024673,-1.5039594403790248
2020-02-10,-0.033557303320868336,-0.6936794831214274
2020-02-11,-0.16322835154120344,-1.4811950944635384
2020-02-12,-0.049901035898037044,-0.5554466930681078
2020-02-13,-0.01309884080815434,-0.4247858969933083
2020-02-14,-0.21703031031209186,-2.1500760812283337
2020-02-18,0.25050796121846286,-1.3866565694496835
2020-02-19,0.23017525330251248,-0.17039253666722118
2020-02-20,0.4426315780200666,0.6020245044067317
2020-02-21,0.4479139647472969,-1.6946144632096543
2020-02-24,0.89514547596176,1.967155711931601
2020-02-25,1.0237543192270682,3.385163188051967
2020-02-26,0.46687808373767353,1.4784799165699238
2020-02-27,0.9892500001897221,2.63025564097087
2020-02-28,1.8219135538671332,3.7899522921742874
2020-03-02,0.9778011048341855,1.4076399137892086
2020-03-03,1.5973473570866585,2.337125462444476
2020-03-04,1.1623873845871187,2.821628820383836
2020-03-05,1.4081190832305979,1.5862295017421184
2020-03-06,2.030186946373621,5.8004580081698585
2020-03-09,1.9608849761305371,4.729828969949874
2020-03-10,0.9899160001938684,0.054444746868276835
2020-03-11,1.2364503220290874,2.6956190259497097
2020-03-12,2.120852574056745,6.169936202045599
2020-03-13,2.024422745044355,7.302902684780592
2020-03-16,2.4034912985370047,8.002728190288058
2020-03-17,1.1615566855631956,2.8586626945515974
2020-03-18,1.3859810484165216,5.994900038729249
2020-03-19,0.6468227363177989,3.85661626251834
2020-03-20,-0.31027361482553767,0.4070279622289786
2020-03-23,2.171533231278976,5.528422409777363
2020-03-24,2.291178815048825,3.723513371772714
2020-03-25,2.7810831881342586,6.107088169583539
2020-03-26,2.314630647082057,4.8658078009434185
2020-03-30,1.7171747716409749,3.654215080646929
2020-03-31,1.566020564143622,4.158385263527115
2020-04-01,1.4629006762303232,4.230848188082966
2020-04-02,1.7732953833627256,3.7907333384918154
2020-04-03,0.7338262902745809,0.456885328720008
2020-04-06,2.0989348117535465,2.676817103238251
2020-04-07,2.3776788978167924,3.842172052964369
2020-04-08,1.2829125819029468,1.4360290672490832
2020-04-09,2.0690975527315745,1.384304908702704
2020-04-13,1.7503155295502844,0.5780910187780317
2020-04-14,1.902880764989125,1.324290214550769
2020-04-15,1.550516989467744,1.2105573824274327
2020-04-16,1.8509962002022406,1.7670626344257527
2020-04-17,1.5327738094244603,1.1939556312826984
2020-04-20,1.5247668548152866,1.6259802080437165
2020-04-21,1.73572922952203,2.465228187725763
2020-04-22,1.9509191800981762,2.1154456265645205
2020-04-23,1.758902292417867,1.6913204427410369
2020-04-24,1.4888461621103954,0.5593887483579543
2020-04-27,1.4963426261388004,1.0571272769866347
2020-04-28,1.3723697452469368,0.8495925202577798
2020-04-29,0.8818081902772295,-0.660828482396262
2020-04-30,1.7594851054865923,2.083773172261066
2020-05-01,0.9143878841940921,-1.142467741883385
2020-05-04,1.0721175488017054,-0.45653117786997466
2020-05-05,0.9394617168137497,-0.45771004971689416
2020-05-06,1.1543362831032065,0.43542454088295185
2020-05-07,1.7116109862721853,1.5625957205365106
2020-05-08,1.1297969619952213,-0.5123966293920852
2020-05-11,1.0566685087821144,0.3961364041149261
2020-05-12,1.1178385351057518,0.33351638419240087
2020-05-13,1.1910823005628997,0.43351542053831776
2020-05-14,1.4608792467375735,0.7235252462040302
2020-05-15,1.0054930066224608,-1.4726628554213648
2020-05-18,1.778868382863677,1.5216830722759005
2020-05-19,1.2332265645760272,-0.20320856866023831
2020-05-20,0.8109856237988837,-2.135790838190536
2020-05-21,1.4776514160130623,1.230890128250513
2020-05-22,0.6684309948339843,-1.9535380334423702
2020-05-26,1.3749997216028007,0.46386207934198587
2020-05-27,1.1701057529112973,-0.08473358994537358
2020-05-28,1.1200903759272893,-0.38459741980342865
2020-05-29,1.0339215032486455,-1.3595007600569913
2020-06-01,1.2440934766928187,-0.5409208333527782
2020-06-02,1.2405739498310093,-0.243244033979958
2020-06-03,1.5860314906234185,1.4634342290596114
2020-06-04,1.265690997425728,0.2889067366266065
2020-06-05,1.7173217052339373,2.6025680347360676
2020-06-08,1.231319389797413,0.6687814594840519
2020-06-09,1.456350909861348,1.1020563111155992
2020-06-10,1.5790377980733081,1.379677392204871
2020-06-11,1.5409305685307628,0.9782549264553958
2020-06-12,1.368502422899952,0.4426707831199846
2020-06-15,1.5790117964182837,1.2471828914614678
2020-06-16,1.0452309781918545,-0.6225638526837298
2020-06-17,1.0378257843109595,-0.802738469277528
2020-06-18,1.1282199548863416,-0.6015243625063496
2020-06-19,1.3754631897967275,-0.1800237603305925
2020-06-22,1.356138115843381,-0.30113992746602153
2020-06-23,1.452410118590263,-0.33149226625695616
2020-06-24,1.4265952534643647,-0.17161690807110935
2020-06-25,1.1456007182794052,-1.009151453274619
2020-06-26,1.5264917009116221,-0.12378798504623648
2020-06-29,1.1654396768731663,-1.3146114204169224
2020-06-30,1.1129067292077426,-1.4998987848130059
2020-07-01,1.8083500681025138,0.8872285603978536
2020-07-02,1.4514927097387615,-0.40400653863054337
2020-07-06,1.3524576195247948,-0.8842595956000004
2020-07-07,1.6548705660582292,-0.082723665780368
2020-07-08,1.6787288644734402,-0.13932207930687945
2020-07-09,1.6917134023666396,0.3960666836458916
2020-07-10,1.505988747987984,-0.3643595725650303
2020-07-13,1.4134818474037045,-0.7879476175558727
2020-07-14,1.1624520049749836,-1.173094375451896
2020-07-15,1.3781823522537486,-0.9952386977060995
2020-07-16,1.4671475921003854,-0.5793497360666827
2020-07-17,1.3889286880579241,-1.030690077540216
2020-07-20,1.381306581989486,-1.206738427463452
2020-07-21,1.8121381021362837,-0.07300675863054862
2020-07-22,2.050182921630897,0.7169040477082121
2020-07-23,2.3202855066761554,1.0671401153886462
2020-07-24,2.1016090533729024,0.017752139439702767
2020-07-27,2.850321591765196,-0.11792344265158235
2020-07-28,3.508046872598687,1.5152238182408384
2020-07-29,2.974887628442784,0.34703845983195275
2020-07-30,2.877782144730309,0.8393324348786418
2020-07-31,2.940369722403833,0.6570193400753369
2020-08-03,2.9480225548824266,0.24104109067893734
2020-08-04,3.5450015355377715,1.527256062164901
2020-08-05,3.4160468390952645,0.9330194674907204
2020-08-06,3.2850118301242217,0.21047704920122845
2020-08-07,3.8802962899157074,2.8034155350144823
2020-08-10,3.285717576022532,0.6115411355191936
2020-08-11,5.288816680173917,8.561541975508547
2020-08-12,4.109232681847428,5.71806587314429
2020-08-13,3.464845148752933,3.363496892737296
2020-08-14,2.962372595837475,1.8775989841678526
2020-08-17,3.8460605193072914,3.458007306902884
2020-08-18,3.5468980396435956,2.942531590724
2020-08-19,4.3814049721603725,5.8556086884680525
2020-08-20,2.8719093672545237,2.2076496797663174
2020-08-21,3.1426735656118274,2.459082385524719
2020-08-24,2.951707590136617,1.7124907484113152
2020-08-25,2.5438725103322684,1.0571684223791327
2020-08-26,3.191557049316117,2.0862759222959526
2020-08-27,3.589095527018335,3.6861203858257414
2020-08-28,3.309600959250196,2.076708102088939
2020-08-31,2.680001735692962,0.24713685222877177
2020-09-01,2.9074966224846053,0.949490925148276
2020-09-02,3.0351283555304778,2.006801626537073
2020-09-03,2.682210640774563,1.1646147163911382
2020-09-04,2.463762375478878,0.6710691289983379
2020-09-08,2.7816750068678315,1.7472302782005953
2020-09-09,2.5787761200534876,-0.014842767780527188
2020-09-10,2.0849687601620577,-0.9596246508648423
2020-09-11,2.198391370726122,-0.7656920568770386
2020-09-14,2.4639028403245944,-0.7143157160843949
2020-09-15,2.5044680664756513,-0.5322486178305258
2020-09-16,2.519079154017439,-0.2831919458963982
2020-09-17,2.5719146008785274,0.1804988163150377
2020-09-18,2.282403683266444,-1.1011598829256277
2020-09-21,3.5440216915592897,3.7379717212416264
2020-09-22,2.3929743174722473,0.7068978693202548
2020-09-23,2.8341151718989797,2.8891263292592577
2020-09-24,2.2709072735030507,1.3077610824027968
2020-09-25,2.0938647874929486,0.5052149255971831
2020-09-28,2.4164542330091914,1.0873715486735989
2020-09-29,2.2969230716816424,0.4560137222663933
2020-09-30,2.173791110556385,0.2692228572622078
2020-10-01,2.367005480026148,0.4711791890216926
2020-10-02,2.2464523210972023,-0.17366682566418745
2020-10-05,2.157617922613506,-0.7329602104431105
2020-10-06,2.173495985163134,-0.5401140509345519
2020-10-07,2.0764884221667197,-0.22996620206255503
2020-10-08,1.9778203572046087,-0.7806597192170103
2020-10-09,2.5842539426674915,0.40270803299012753
2020-10-12,2.1337420412341324,-0.9666768982482529
2020-10-13,2.6314682400802294,1.3108955490819822
2020-10-14,2.4009836509448785,0.2672730865814294
2020-10-15,2.1713916571718244,-0.11274157764493457
2020-10-16,2.086657694656714,-0.6740279862536535
2020-10-19,2.2111501729499623,-0.40901737106536723
2020-10-20,1.8082742775776608,-1.4289949236421666
2020-10-21,2.274470837295255,-0.45319460574385034
2020-10-22,2.375878726851085,0.0832856402828912
2020-10-23,2.0475613901222784,-0.9094184701951852
2020-10-26,1.9601182141962963,-1.0942567305288293
2020-10-27,1.9096314461056074,-1.3399500961849855
2020-10-28,1.7256910740229405,-0.31588940976634017
2020-10-29,2.0259112223326716,0.023832615967354656
2020-10-30,1.7508228102627208,-0.8573640056338085
2020-11-02,2.032028600137846,-0.6145813758732455
2020-11-03,1.799712849933513,-1.346215362206362
2020-11-04,1.8813211149880107,-0.3002811262306204
2020-11-05,2.1985018245449917,-0.20702815867401803
2020-11-06,2.537156011306552,0.187104472673228
2020-11-09,2.241108668275263,3.2220289833606657
2020-11-10,2.1246339717923997,1.2509382988055255
2020-11-11,2.5188893577561666,2.1943441624678237
2020-11-12,2.410552414318485,1.7291101125709345
2020-11-13,2.094137714322876,0.6795438358285734
2020-11-16,2.687549053008926,2.076972474019796
2020-11-17,2.2542870952615655,0.8514743469020464
2020-11-18,1.5103125573578988,-1.2754927647011822
2020-11-19,1.4648542550790613,-1.2780905697896334
2020-11-20,1.4913549922083242,-1.6475451292153136
2020-11-23,1.3798468734836007,-1.5527289657677013
2020-11-24,1.2384438111826144,-1.2223701855592362
2020-11-25,1.4546958543729591,-0.9495045199036074
2020-11-27,2.028377656697685,1.3561648566602589
2020-11-30,1.5196111398871535,0.19936194374784091
2020-12-01,2.1325017788711165,1.1365058052489114
2020-12-02,1.550431876004431,-0.3481061098862224
2020-12-03,1.8468218983641491,0.08124410488546358
2020-12-04,1.7850940110643774,-0.27001472059456505
2020-12-07,1.6991859198470962,-0.6528334912872693
2020-12-08,1.7899351541890982,-0.9630283054567179
2020-12-09,2.470925871990848,1.6652350367361486
2020-12-10,1.816467644361166,-0.22231528246880328
2020-12-11,1.8535246302221857,-0.25192797920291216
2020-12-14,1.39677231085673,-0.9253348084270387
2020-12-15,2.0459588236756856,0.17159747977558962
2020-12-16,1.9026835535400566,-0.17420714497143733
2020-12-17,2.4110222643030954,0.6106554971504503
2020-12-18,1.8299362334907128,-1.079525243701212
2020-12-21,2.6547413424793502,1.124222583673434
2020-12-22,2.0370032206786544,-0.1937823372689873
2020-12-23,1.936370931293593,-0.6183818424191033
2020-12-24,1.7477832134145534,-1.5181207277152966
2020-12-28,2.1675723678922525,-0.13520207341259197
2020-12-29,1.6923142518959189,-1.642091180179245
2020-12-30,1.8260224499103064,-1.536993907472802
2020-12-31,1.7837617680495779,-1.7081313566188328
2021-01-04,2.7689220968164547,0.6687556226245444
2021-01-05,2.341963374906028,-0.5491575586736462
2021-01-06,3.2750558369107976,3.1817861800743974
2021-01-07,2.387764761733834,0.35689352870187346
2021-01-08,3.8037552041864484,6.170993208418953
2021-01-11,2.5697443142537253,2.5342556171595736
2021-01-12,1.8362437491997818,0.9126307707534751
2021-01-13,2.0470816376331777,0.8134619605966737
2021-01-14,1.8613923080707302,0.7309044177521775
2021-01-15,2.2477261304555474,1.6344133505226763
2021-01-19,2.4597472361711734,2.4901788700227563
2021-01-20,1.6148821213971443,-1.8043782817669998
2021-01-21,1.5076549519205846,-1.9678259944664276
2021-01-22,2.0859154582047927,-0.3983726363389446
2021-01-25,1.7999051764738743,-0.9948189032213031
2021-01-26,1.6324321202724024,-1.2746253398565777
2021-01-27,1.414412561841484,-1.3566764941941076
2021-01-28,1.3724517693600755,-0.8721276506865409
2021-01-29,1.3811452208608608,-1.3236524037126223
2021-02-01,1.8442916042420405,-0.6438007968916328
2021-02-02,2.045143137589428,0.47323248800882517
2021-02-03,1.5573302516481118,-1.0726210145115813
2021-02-04,2.267571244085077,2.0288706105267926
2021-02-05,1.7374983656881269,0.3389336111116255
2021-02-08,2.072094824183145,0.6962154897522052
2021-02-09,1.8279935880795106,0.034106342693143464
2021-02-10,1.928806665336807,0.23902977218679128
2021-02-11,1.9119900285182343,0.23316098277479191
2021-02-12,1.4332082937700281,-0.5797253082585683
2021-02-16,1.183347190553082,0.04322648084050715
2021-02-17,1.1731936318496097,-0.197383004977902
2021-02-18,0.9630083431731509,-1.0979745628752327
2021-02-19,1.567682928432122,0.29425408143718573
2021-02-22,1.8410827511529415,0.5109893240703096
2021-02-23,1.5885429112486267,-0.08213507504069488
2021-02-24,1.7683626373837542,0.5918572043356621
2021-02-25,1.4201203542635077,0.6218214576165887
2021-02-26,1.086896235412045,1.0795972264105955
2021-03-01,1.6657087095655516,1.546611061124231
2021-03-02,1.5000969697651352,1.1742429549369113
2021-03-03,1.5026796368136879,1.2698827626388496
2021-03-04,1.2811419392698944,1.0940670208846166
2021-03-05,1.0101735143117783,0.486420068678938
2021-03-08,1.2991938606004436,1.3143935005760348
2021-03-09,1.5066004272719997,1.2335682407340065
2021-03-10,1.1236207590179388,0.34418561271114545
2021-03-11,1.1859805548417048,0.2882121186104281
2021-03-12,1.3275855128715586,0.8139458406710821
2021-03-15,0.995679339778892,-0.4839322835069054
2021-03-16,1.0609012892994947,-0.30075741489491864
2021-03-17,1.2801309371226606,0.2687676448898877
2021-03-18,1.2365385093875556,-1.3619382936170659
2021-03-19,0.8894595780114221,-2.0071240268240813
2021-03-22,0.9349109016836307,-1.820851052745115
2021-03-23,0.5313391833592291,-2.245980850428553
2021-03-24,0.8261899314814622,-1.7720021638710157
2021-03-25,0.702203942025465,-1.8228764072123802
2021-03-26,0.8780041575938727,-1.4485097839984005
2021-03-29,1.1372178439317144,-0.12288139320731668
2021-03-30,1.200781109114202,0.7185012375937848
2021-03-31,1.4098442304462826,0.9059438923760609
2021-04-01,1.2279277492024634,0.21226608834648666
2021-04-05,0.9801063832608806,-0.67458791516033
2021-04-06,0.8872973691298969,-0.8834417694238337
2021-04-07,0.9686693159378456,-0.7619778367424015
2021-04-08,1.3579592179248117,-0.12264929819218898
2021-04-09,1.2994838088233258,-0.09538046725978205
2021-04-12,0.749595231982894,-1.3738607352482592
2021-04-13,0.7785913232992937,-1.3956790484661696
2021-04-14,0.6977432350155579,-1.402020038275402
2021-04-15,0.9486291952583232,-1.0593371799510178
2021-04-16,1.4567310623574243,-0.1577766437031692
2021-04-19,1.4553929321828252,0.00591736534251378
2021-04-20,1.2885730633984411,-0.5487772537035187
2021-04-21,1.1179638477220972,-1.2219959115903563
2021-04-22,1.1054841308284549,-0.9862924139759858
2021-04-23,1.503806377355071,-0.14269534390949012
2021-04-26,0.893774372721147,-1.816584015477831
2021-04-27,1.0743257776714874,-1.4470335617371255
2021-04-28,1.2276770933507781,-0.7993523624299521
2021-04-29,0.8718749490964144,-1.4153334319236064
2021-04-30,0.791950105220916,-2.008363142226936
2021-05-03,0.9946157077039391,-1.5664435529733223
2021-05-04,1.550111761627072,0.13096621980569761
2021-05-05,0.9868511907617078,-1.4504054275416265
2021-05-06,1.2744885637068049,-0.6749478395064915
2021-05-07,1.3775772065541,-0.3561532949177457
2021-05-10,1.6434773980272106,-0.2716836622320525
2021-05-11,1.369397566959932,-0.5980962661953595
2021-05-12,1.949955561860836,0.980826331542221
2021-05-13,1.6002829641123586,-0.2310198545411146
2021-05-14,1.834472581354313,-0.07733298861019426
2021-05-17,1.4744585468319593,-1.1945737599166752
2021-05-18,1.4724380282140084,-1.288979503959624
2021-05-19,1.7830411660391021,0.04232097825281782
2021-05-20,1.8464931915157061,-1.467373932784761
2021-05-21,1.8106919838640854,-1.5726609081625385
2021-05-24,1.6785729141333474,-2.0126147866110626
2021-05-25,1.6271221604092885,-1.7445321319563365
2021-05-26,1.9695931475736097,-1.2294327177405275
2021-05-27,1.5596056641720983,-1.7975333818636943
2021-05-28,1.9948704248495088,-1.044886493771864
2021-06-01,1.5737804250827583,-1.5018663967117183
2021-06-02,1.812976803701442,-1.6860310193040011
2021-06-03,1.6280856462133624,-0.5686825136066671
2021-06-04,1.6732461217814034,-1.1038591012397354
2021-06-07,2.0080502647736074,-0.7911661886514831
2021-06-08,2.064760137697265,-0.49156701976304623
2021-06-09,1.8621858299657839,-1.0680327402921481
2021-06-10,2.262372251420208,0.32227850702609045
2021-06-11,2.227633986169656,0.24810302861889846
2021-06-14,2.095030674219791,0.14828367290063585
2021-06-15,1.644600947771707,-1.2900736053952657
2021-06-16,2.496181910144459,0.9435307493404101
2021-06-17,2.512397254947917,3.9751186959260987
2021-06-18,1.9514066997253225,1.8991189040820542
2021-06-21,1.6774437149831978,0.9340576949174505
2021-06-22,1.6127556641503678,0.7767945836751049
2021-06-23,1.7268004792378242,0.9743833956779694
2021-06-24,1.5507712877025612,0.6250723304757801
2021-06-25,1.5891252918209686,0.6742964502410879
2021-06-28,1.1307556428920413,-1.342139153336127
2021-06-29,1.3951032168650273,-0.016395626597076548
2021-06-30,1.1952788431039973,-0.9483434134610769
2021-07-01,1.1636650968256914,-1.1175573422455962
2021-07-02,1.3107732886865742,-0.7629555601594021
2021-07-06,1.6149393492307675,0.021431538810856594
2021-07-07,1.2982612449430468,-1.1898807793881059
2021-07-08,1.5440284053909716,-0.320584916109203
2021-07-09,1.2484357540757347,-1.5720500735305039
2021-07-12,1.336429718066331,-1.107897982151956
2021-07-13,1.3686942292907083,-0.9732687898664739
2021-07-14,1.5801233539008428,-0.7902987668384565
2021-07-15,1.3727435958119338,-1.482631731305847
2021-07-16,1.5563791339932043,-0.7013834989988125
2021-07-19,1.5135536556750606,-0.3385682720556301
2021-07-20,1.477872955357676,-0.7280525614608787
2021-07-21,1.3670010396146148,-1.5859106370322495
2021-07-22,1.2743113307145908,-1.8352618709295276
2021-07-23,1.3390310476249523,-1.6143424950630672
2021-07-26,1.2133105847285246,-1.9523408670022275
2021-07-27,1.0870772837263107,-2.3096619193286196
2021-07-28,1.2491629510941478,-1.4412998320603159
2021-07-29,1.7262074219319934,-0.4768853106641509
2021-07-30,1.6270460039061134,-0.48249836914446365
2021-08-02,1.4557161145632194,-0.8955040491582766
2021-08-03,1.2837396327281554,-1.3730735880589422
2021-08-04,1.7506531249305997,0.14744835305861906
2021-08-05,1.4847832881503507,-0.5921550905861672
2021-08-06,2.097491531883129,2.3478773820298
2021-08-09,2.5626520142515163,3.6765008467309475
2021-08-10,1.1862630539366323,0.059260455030346264
2021-08-11,1.5464063691136933,0.69447363236621
2021-08-12,1.2636764596958439,-0.08502975605662572
2021-08-13,1.6782647805926063,0.5514661472804242
2021-08-16,1.574667145043388,0.2164584978432485
2021-08-17,1.401444883938052,-0.37680078443038173
2021-08-18,1.2586453299287683,-1.0552109839825023
2021-08-19,1.341186276486415,-0.7812189846934351
2021-08-20,1.0985795485845047,-1.560335504448248
2021-08-23,1.6210016226505857,-0.4733999882463582
2021-08-24,1.1764906795358734,-1.7638362928940288
2021-08-25,1.3962192166002965,-0.6760565514342597
2021-08-26,1.3334070742217496,-1.05494765263272
2021-08-27,1.8548240211839213,0.15132925439525022
2021-08-30,1.458372162521677,-1.0510643874410452
2021-08-31,1.5109004261277366,-0.7060856593782758
2021-09-01,1.3441242110850264,-1.2319101085476472
2021-09-02,1.3372216491485989,-1.3117582491088338
2021-09-03,1.6972514497772944,-0.5636151418702062
2021-09-07,2.0428453553877017,1.3217475064897302
2021-09-08,1.4803582325429205,-0.36068020101860443
2021-09-09,1.4333019315124782,-0.5697079512827106
2021-09-10,1.4060594714732437,-0.6249902891222484
2021-09-13,1.3459367428094955,-0.8858936304567339
2021-09-14,1.7292858671336389,0.19912113516522165
2021-09-15,1.3841749662564737,-0.7530362096627384
2021-09-16,1.9930606964815691,1.6426548145654205
2021-09-17,1.2478455553659908,-0.22433506954799742
2021-09-20,1.3863829083461743,-0.19756143431829554
2021-09-21,1.4552262083825338,-0.2492529101454223
2021-09-22,1.473409874285986,-0.04057655257768224
2021-09-23,1.7103512023686986,1.216675898067461
2021-09-24,1.203699308097288,-0.28552517249158954
2021-09-27,1.0899284267630802,-0.8602175645880733
2021-09-28,1.2797048924151062,0.18901678142842515
2021-09-29,1.1521096217684577,-0.1326286903169948
2021-09-30,1.7550497109271688,1.1504513172843118
2021-10-01,1.2098104198807,-0.3792788168621043
2021-10-04,1.3651223311481278,-0.24099645490482585
2021-10-05,1.330354391963623,-0.2513340691909313
2021-10-06,1.2721100484440928,-0.3402941199590109
2021-10-07,1.155976752312169,-0.7068212073858545
2021-10-08,1.4416377542869425,0.22183181073916353
2021-10-11,0.8357212269613963,-1.9325208376809275
2021-10-12,1.0475135875773258,-1.3001149857833723
2021-10-13,1.8021274692315636,0.7828032910454008
2021-10-14,1.2961659569157975,-0.9415230710971688
2021-10-15,1.679966294099095,0.699695161485549
2021-10-18,1.1726885316564721,-0.5897055325599517
2021-10-19,1.4230834313477472,-0.12090349980715609
2021-10-20,1.476680038585889,-0.11368991054869015
2021-10-21,1.2981679449353187,-0.5853075234996475
2021-10-22,1.7439395661293655,0.6496499509818299
2021-10-25,1.4462751821842021,-0.7509242111724419
2021-10-26,1.517963488470743,-0.3667354841695964
2021-10-27,1.289424711791826,-1.0241341613179333
2021-10-28,1.4025710869438548,-0.6953330914003707
2021-10-29,1.592454306734046,0.27084159627107435
2021-11-01,1.3095008459345205,-1.0343337231077507
2021-11-02,1.1535649850061624,-1.2985327406265395
2021-11-03,1.534871639642995,0.4672577409724205
2021-11-04,1.6974432068535088,0.3298419180629862
2021-11-05,1.9464736797628535,1.0116069316564622
2021-11-08,1.5951143611825773,-0.34741616011063525
2021-11-09,1.5761629517193347,-0.39460070943832626
2021-11-10,2.424260516641583,1.6675060109128137
2021-11-11,1.9324610599664356,-0.2620481255368954
2021-11-12,1.8263999478073702,-0.7632494935281419
2021-11-15,1.6476987522085365,-1.1191937242464955
2021-11-16,1.9208402201946397,-0.31946598580356744
2021-11-17,1.703542698288715,-1.845379695732742
2021-11-18,1.6803610395254338,-1.615326579901823
2021-11-19,1.770798349636255,-1.2517094557133823
2021-11-22,2.2220174950665355,0.999597318511162
2021-11-23,1.718991898076214,0.24532174802598283
2021-11-24,1.417291294592247,-0.6488553342497743
2021-11-26,1.8807114425416833,0.6143264333535149
2021-11-29,1.4073193749439656,-0.5792173681143756
2021-11-30,1.837735796168484,0.8594393393370421
2021-12-01,1.4598025949945517,-0.23820202724889733
2021-12-02,1.2984303434932094,-0.5208170330505604
2021-12-03,1.3602740491242127,-0.659918461401351
2021-12-06,1.1576896135150068,-1.3120306340257573
2021-12-07,1.2566499093942982,-1.026098965607748
2021-12-08,1.217414560397925,-1.228429213225026
2021-12-09,1.2029909584540737,-1.042008235889988
2021-12-10,1.3360340630949412,-0.7949665920141854
2021-12-13,1.081518216427491,-1.7178498466355858
2021-12-14,1.2882024162228505,-0.8657616934659806
2021-12-15,1.3327348479748857,-0.6201349391543176
2021-12-16,1.5444882204602455,-0.4228419150969163
2021-12-17,1.4967693964853794,-0.5948826659667962
2021-12-20,1.3507168955652913,-0.898808865452984
2021-12-21,1.3576413369534353,-0.7118586670556659
2021-12-22,1.4761293091798307,-0.7480104565043058
2021-12-23,1.3493277912711419,-1.2422897952255207
2021-12-27,1.2929517602499265,-1.4251539553298307
2021-12-28,1.3176972531956308,-1.6344808145586278
2021-12-29,1.327883456284401,-1.239325360680382
2021-12-30,1.4079864382267921,-1.4115223909227852
2021-12-31,1.3713804679937733,-1.7750743792695103
2022-01-03,1.8142783547814805,0.13679503975238078
2022-01-04,1.4911219139273173,-0.736250661393866
2022-01-05,1.634971030477029,-0.5249929281104678
2022-01-06,1.6829278718698577,0.7416478837758818
2022-01-07,1.4878106131545175,0.051078458483226244
2022-01-10,1.3866635711974433,-0.4982361042542043
2022-01-11,1.717400477009486,-0.03952235968528809
2022-01-12,1.5281402947708311,-0.6226006528316944
2022-01-13,1.570941646161835,-0.3121465739579914
2022-01-14,1.5155875740647116,-0.5898612363793129
2022-01-18,1.482539388261896,-0.05148134244477893
2022-01-19,1.9137947343875406,-0.651404180475661
2022-01-20,1.51837219325208,-1.4607792711741616
2022-01-21,1.5286076007475256,-1.3417110427506747
2022-01-24,1.5730539432608535,-1.2626405885467762
2022-01-25,1.699250152588433,-1.2594082138670275
2022-01-26,2.0309847524690885,0.31407480296187357
2022-01-27,1.8578615978694666,0.9202556983792821
2022-01-28,1.453451080206441,-0.10055584779331211
2022-01-31,1.3741883418355496,-0.7514773012340497
2022-02-01,1.3846632853166831,-0.8250891439945631
2022-02-02,1.4790945755429314,-0.7217537659632434
2022-02-03,1.5286562657938132,-0.29816987077578033
2022-02-04,1.5923625338050669,-0.2876652364020643
2022-02-07,1.3739687838902788,-1.4694693309008602
2022-02-08,1.3169107178986226,-1.7222101664688705
2022-02-09,1.3099769024998762,-1.9104946503370839
2022-02-10,1.5644911635114396,-0.8950233385191194
2022-02-11,2.106495912581946,0.19300620301825058
2022-02-14,1.8616198697393922,-0.792178745756451
2022-02-15,2.117620424163367,0.1303219171499657
2022-02-16,1.8301623897277413,-1.0087594713062944
2022-02-17,2.302505761182108,0.21806326491961017
2022-02-18,1.9651734630338105,-0.8479083793034831
2022-02-22,2.3067971541874805,0.5044371679522615
2022-02-23,2.0917955748525716,-0.7190051088006042
2022-02-24,3.8482988775690097,3.804095795021447
2022-02-25,2.550424572907671,1.1313404242523015
2022-02-28,2.7046058834105313,1.0225195345524785
2022-03-01,2.979754595338028,1.1883580225464903
2022-03-02,2.718436581287756,1.099933348075481
2022-03-03,2.4413768558429774,0.042574781616837754
2022-03-04,3.061625193133749,1.3172638521582063
2022-03-07,3.3137108591097717,2.000267570662163
2022-03-08,4.498307706256229,3.9016049620226383
2022-03-09,4.483120944787533,4.701636005559264
2022-03-10,3.329106521863632,1.8704548147594144
2022-03-11,3.2986290443193624,1.853828659993794
2022-03-14,3.2012459778614146,1.5541556792781006
2022-03-15,3.1303171503507996,2.2440037264812855
2022-03-16,2.6607367894449534,1.2845157854591527
2022-03-17,2.5974225568841938,-0.45714996961126864
2022-03-18,2.4948816426695473,-0.46372378809814874
2022-03-21,2.3928562306675527,-0.6866672163936324
2022-03-22,2.465249221582752,-0.4652196254725799
2022-03-23,2.593083413994875,-0.38886559901939977
2022-03-24,2.6309427374509204,-0.6585149353065961
2022-03-25,2.4357894010688432,-0.982110801092315
2022-03-28,2.765614402166813,-0.02297396676642503
2022-03-29,2.5962685296152754,0.677706008713449
2022-03-30,2.3418866923796915,-0.6438343976526401
2022-03-31,2.5848476837739707,-0.17432493235452173
2022-04-01,2.3565360019500456,-0.18170739155762125
2022-04-04,2.3265015120156716,-0.6902191700377343
2022-04-05,2.443449638600079,-0.19974507565629396
2022-04-06,2.260984494309745,-0.4873037897283009
2022-04-07,2.2045337950097457,-1.050377313537275
2022-04-08,2.296263722651667,-0.8890099630708933
2022-04-11,2.5695046794352523,-0.30551141704792006
2022-04-12,2.566658014767019,-0.8480237772681553
2022-04-13,2.3823873205945367,-1.4217629131402794
2022-04-14,2.4147715577550817,-1.1503800957697432
2022-04-18,2.618291132189845,-1.0406722646171291
2022-04-19,2.824129145875707,0.3146189413206572
2022-04-20,2.333303072651066,-0.8685781917978557
2022-04-21,2.3804246549760273,-0.6516739835649382
2022-04-22,2.4249874530595514,-0.4633980507740981
2022-04-25,2.5933969719099204,0.817856957233699
2022-04-26,1.997629396369794,-0.8467008576164724
2022-04-27,2.1230578804090663,-0.38075833264893866
2022-04-28,2.085741233035439,-0.46515273279425373
2022-04-29,2.287508880629614,-0.25847713206023365
2022-05-02,2.5783709180817707,1.5096452109319496
2022-05-03,2.173523726156288,0.36198869289435615
2022-05-04,2.196534720116106,0.22417259025351627
2022-05-05,2.45286665697543,0.7892465066948389
2022-05-06,2.2030273989801996,0.1062665757307327
2022-05-09,2.2763537415696837,0.8219870193773684
2022-05-10,2.0457812946929472,0.6738558978857642
2022-05-11,1.8698669924056597,-0.19898368328113933
2022-05-12,2.093797237446117,0.8183151975689605
2022-05-13,1.7677225665348573,0.11617265499530109
2022-05-16,1.9637831734133302,0.35680304926270445
2022-05-17,1.6743573641873417,-0.5485065562947441
2022-05-18,1.4838279327611719,-1.440844611726869
2022-05-19,2.073758308323383,-0.4184608239443697
2022-05-20,1.6454889576666711,-1.3197933777715285
2022-05-23,1.7057236772671123,-1.483598158116003
2022-05-24,1.7206909241632393,-1.7315189960905375
2022-05-25,1.897374859047462,-0.7140960155085412
2022-05-26,1.6402265445029414,-1.340041172211626
2022-05-27,1.649388644195367,-1.2453790484494165
2022-05-31,1.9093894919849417,-0.3034340254795703
2022-06-01,1.6913023710826662,-0.8846071592595159
2022-06-02,1.947789148695337,-0.7676434996378402
2022-06-03,1.956165840985385,-0.49858176424231443
2022-06-06,1.6453500848996454,-1.2224636637119708
2022-06-07,1.6891894052454854,-1.0942944983591363
2022-06-08,1.6454742395825648,-1.2759217071443107
2022-06-09,1.6221674029787934,-1.1734061442880133
2022-06-10,2.5314709288588633,1.211395342024801
2022-06-13,2.755072502192306,2.374336834860138
2022-06-14,1.7899656274978422,0.19569909266256516
2022-06-15,2.0457991410156002,0.7475546785409565
2022-06-16,2.364604723875392,0.9964911243968714
2022-06-17,1.995052040149513,0.21854206120461195
2022-06-21,1.8003082280795581,0.04571775334168936
2022-06-22,1.9015227704913655,0.0509771347596484
2022-06-23,1.3272322365109637,-1.214523360665857
2022-06-24,1.4870476067987262,-1.0916383165273473
2022-06-27,1.6218863300368078,-0.8278113672813827
2022-06-28,1.2089142206054686,-2.1460892893798813
2022-06-29,1.4538835292556302,-1.4125068845147726
2022-06-30,1.4443207302159686,-1.019789592621992
2022-07-01,1.5077930111769118,-0.568528414157079
2022-07-05,2.0452770295996503,1.6185814380415007
2022-07-06,1.5952308259660213,0.9427201701639302
2022-07-07,0.9741191889445246,-0.9115062842522298
2022-07-08,1.2449597111513462,-0.18470665793395658
2022-07-11,0.9637622739532878,-0.719139826696342
2022-07-12,1.0993767358322564,0.004316792198040481
2022-07-13,1.5438053383595796,1.1291239309942167
2022-07-14,1.4182836508276453,1.1078275653635405
2022-07-15,0.8473508276822161,-0.586129373667981
2022-07-18,0.8793373942492967,-0.7713437458216905
2022-07-19,0.890094773804694,-1.5320192949979694
2022-07-20,1.0283846261207186,-0.8202779388323964
2022-07-21,1.436493782646442,-0.04121864538927103
2022-07-22,1.2681271712501774,-0.6244328207795486
2022-07-25,1.0606902890954575,-1.1057006346156295
2022-07-26,0.9000874290782341,-1.38575239238717
2022-07-27,1.2674939623397683,-0.5272422140301317
2022-07-28,1.3603683566892784,-0.37338547734682387
2022-07-29,1.2236312767752775,-1.0404361982783428
2022-08-01,1.2969645038491886,-0.964362491213063
2022-08-02,1.5613174778553005,-0.2785232320927596
2022-08-03,1.2945807430618148,-0.6345529217846126
2022-08-04,1.73236495833511,-0.1749083906152541
2022-08-05,1.7404598744432382,0.3451086888704577
2022-08-08,1.4394346728613463,-0.925834500666083
2022-08-09,1.4617754436221517,-0.9165850520383815
2022-08-10,1.57461189817647,-0.5380061852446819
2022-08-11,1.4246174512214103,-0.8675141314434776
2022-08-12,1.4900064904068338,-0.940990128817212
2022-08-15,1.652210102110034,-0.37269044889705505
2022-08-16,1.159031889369289,-1.5517632834338162
2022-08-17,1.317419463034282,-0.9153981872227285
2022-08-18,1.138534976798513,-1.3560839015435637
2022-08-19,1.0141604496537429,-1.4370456498847166
2022-08-22,1.0953249087526078,-0.9848255492447833
2022-08-23,1.2113103012764797,-0.9012266742046483
2022-08-24,1.0175542896728433,-1.464687955905565
2022-08-25,1.1166932449978122,-1.3571122686912291
2022-08-26,1.3035117732979864,-0.26135150613044134
2022-08-29,1.2457532620564364,-0.4490123024628522
2022-08-30,1.0766241367059437,-0.7536589362760948
2022-08-31,0.963222008900508,-0.6566509627504167
2022-09-01,0.9831055987981717,-0.28420211740479334
2022-09-02,1.0498719491792272,-0.4156116238271612
2022-09-06,1.1066155624751053,-0.11144196261348634
2022-09-07,1.1740893015980278,-0.21894978084273628
2022-09-08,1.126373191213919,-0.18354543637995863
2022-09-09,1.0403589651412979,-0.6510652834552222
2022-09-12,1.1495484061475916,-0.5379339351272686
2022-09-13,1.3805064859248521,0.7702812314999269
2022-09-14,0.8073213528334409,-0.7060561544171928
2022-09-15,1.2967353715565815,1.422441831098891
2022-09-16,0.984384433598322,0.35737410068006253
2022-09-19,0.8228025492355646,-0.2692214732419111
2022-09-20,0.7796008492762375,-0.3645134269247659
2022-09-21,1.093765169271081,0.5520670781839818
2022-09-22,0.9983791599477204,0.3258937604592139
2022-09-23,1.10672346621537,1.096191101214338
2022-09-26,0.7400001190825205,0.43233501395961443
2022-09-27,0.5405503546647497,-0.22825917915853794
2022-09-28,1.388481444311141,1.8265957977850342
2022-09-29,0.8878502762518738,0.4903077475666148
2022-09-30,0.7876479557595718,0.01270286424603981
2022-10-03,1.5131567514953164,1.44806178234775
2022-10-04,1.4672755742741097,0.7770213078230003
2022-10-05,1.2541093050490906,0.2725027737193538
2022-10-06,1.0734138213310895,-0.31526564481339076
2022-10-07,1.0901848696442982,-0.00011870780383114965
2022-10-10,1.257775089082181,1.0907353268059496
2022-10-11,1.0211913741413041,0.44480816458304084
2022-10-12,0.7660545814876497,-0.2226334933242667
2022-10-17,0.7343761023353864,-0.197555734798673
2022-10-19,0.7434317671959946,0.36359294126260994
2022-10-20,0.6459775086957846,-0.026827263398708473
2022-10-21,1.1809998023059822,1.5661881010222207
2022-10-24,0.8573834677754308,0.20060849233339645
2022-10-25,0.7851277245370879,0.08604848971884829
2022-10-26,0.864305929708259,0.11863276425653503
2022-10-27,0.6620125999245184,-0.3069928965639301
2022-10-28,0.8163685911814779,0.22556457100417035
2022-10-31,0.40605482805782783,-0.9353115487200324
2022-11-01,0.6293917610180987,-0.09076261135750854
2022-11-02,0.9468934514535536,0.40147997226803633
2022-11-03,0.6201442397331218,0.3460576870827815
2022-11-04,1.6358423289637005,2.3077076941421732
2022-11-07,0.8527507264393283,0.30058008687447646
2022-11-08,1.8071291871664208,2.3031334901601372
2022-11-09,1.2039789188620635,0.7742804418277986
2022-11-10,2.055280795342091,2.3372732300872654
2022-11-11,1.5739062117454463,0.5333659129020832
2022-11-14,1.4863820679625892,0.33534743273476986
2022-11-15,1.4847074796650774,0.49721970027950274
2022-11-16,1.3076921433460182,-0.3541047806597413
2022-11-17,1.333943544292933,-0.20616987155436095
2022-11-18,1.3081031580069937,-1.1258988389421085
2022-11-21,1.146661579148963,-1.1741774925234512
2022-11-22,0.9134845059523811,-1.9452635487145493
2022-11-23,1.3880582444857583,-0.8570024504587019
2022-11-25,1.0486641823095242,-1.7810142330786431
2022-11-28,1.2606032009712433,-0.7719103858803064
2022-11-29,1.1559261728059778,-1.130647775053505
2022-11-30,1.30832591050804,-0.524876755308479
2022-12-01,1.9671829205510136,0.6547177268389901
2022-12-02,1.7903761289223543,0.4325586557654068
2022-12-05,2.142016275051234,1.6459771557760314
2022-12-06,1.429010020197174,-0.13858995964519735
2022-12-07,1.6584984188939595,0.23808791389812917
2022-12-08,1.5013891203055652,-0.30630421462829654
2022-12-09,1.6639318351327308,0.03762705657842573
2022-12-12,1.4340154556400235,-0.7461061977775573
2022-12-13,2.183562863224616,1.0639826995938095
2022-12-14,1.558183724082538,-0.6119062815488846
2022-12-15,1.928020276501337,0.9585407113103724
2022-12-16,1.5279776950047297,-0.3623793734393268
2022-12-19,1.4361591465465164,-0.7356304626508977
2022-12-20,2.0882868769683958,0.8716383513329298
2022-12-21,1.5500813563434213,-0.7382778705918189
2022-12-22,1.9379843218258657,0.7706506130032656
2022-12-23,1.4329011468984536,-0.7937097088046994
2022-12-27,1.9249210062730677,0.09015650833040374
2022-12-28,1.5543222809303903,-0.6546408790158644
2022-12-29,1.5304172501407585,-0.9055501914491514
2022-12-30,1.4303176974327867,-1.2531000919170345
2023-01-03,1.8678837372947594,-0.13848850514530395
2023-01-04,1.8920409815049364,-0.5666709220089352
2023-01-05,2.0110615193650228,0.08633842233542433
2023-01-06,2.2326618620688703,0.3663350622414343
2023-01-09,1.8472426957215273,-0.7679022793856833
2023-01-10,1.7589377806897524,-1.0407326304167641
2023-01-11,1.9374941731630475,-0.4922343651750318
2023-01-12,2.3049855248254776,0.2359448689521975
2023-01-13,2.355047426360309,-0.004159948369095125
2023-01-17,2.2618547061595358,-0.007893378685598817
2023-01-18,2.2913020190003968,-0.22102820807095774
2023-01-19,2.423543457121989,-0.15610892007721802
2023-01-20,2.0999950094447857,-1.1544488105386692
2023-01-23,2.2910096738289183,-1.5118782324129774
2023-01-24,2.3392083960897923,-1.3147378997890005
2023-01-25,2.405592041838871,-1.3331213238969468
2023-01-26,2.4599329322784467,-0.8384211767755897
2023-01-27,2.1654324404377676,-1.3537160396778498
2023-01-30,2.032797804880301,-1.634865046335532
2023-01-31,2.390232852288462,-0.6222916381311883
2023-02-01,2.4884872800822135,-0.532180916103319
2023-02-02,2.815786895955247,0.4029165539338453
2023-02-03,2.8980600148725717,2.224396985231351
2023-02-06,2.0106965671604677,-0.38530446619846886
2023-02-07,2.0265177838111454,-0.3301659939074563
2023-02-08,1.997790887520941,-0.6445198607536556
2023-02-09,2.270032869846889,0.3343572755610165
2023-02-10,1.9517654248520913,-0.38096367359100825
2023-02-13,1.839667837448936,-0.6197710263268981
2023-02-14,1.9106360642124613,-0.6295339439375265
2023-02-15,1.9060079146975524,-0.45180092753091633
2023-02-16,1.611036512927996,-1.162317459370109
2023-02-17,1.7156259275571102,-0.8867158162003268
2023-02-21,1.576159094089859,-0.9819136041186075
2023-02-22,1.6493262076814341,-1.1345714845036663
2023-02-23,1.4624298251971102,-1.0845231452795028
2023-02-24,1.4765588640547722,-1.058810506222409
2023-02-27,1.355093029745145,-1.5857690984663972
2023-02-28,1.6930626676907516,-0.7181831883745939
2023-03-01,1.67999672175157,-0.8432778046168019
2023-03-02,1.3771504703434387,-1.6187200156878068
2023-03-03,1.7400150821780296,-0.981821988961498
2023-03-06,1.5397716752578952,-1.5665779359581191
2023-03-07,2.088474616746155,0.8136269760882257
2023-03-08,1.4898302274946889,-0.641770685659847
2023-03-09,1.740961557479255,-0.2108702693740097
2023-03-10,2.425483850490769,1.4803911007588089
2023-03-13,2.8246276171919815,2.324368680198248
2023-03-14,2.317774806723297,0.6449018986064464
2023-03-15,3.099238719165497,2.618739151318857
2023-03-16,2.423489780767138,0.44738357939338474
2023-03-17,3.6803297221513067,1.3163480212752685
2023-03-20,3.3119823661410543,0.480426715324614
2023-03-21,3.3973224092914225,3.0334055665050323
2023-03-22,3.233188442560137,2.2078115111435452
2023-03-23,3.3502454411070484,1.9281262902598209
2023-03-24,3.155887530664281,1.9643760820965284
2023-03-27,3.215262560305576,2.2755660928746466
2023-03-28,2.8475356069267406,0.7480012579334653
2023-03-29,2.5949028278512136,-0.13295703185155566
2023-03-30,2.7107414589078616,-0.7665798477461755
2023-03-31,2.5110266063083064,-1.1036268132376554
2023-04-03,2.86716087963892,-0.765567673924147
2023-04-04,3.254577850822635,-0.33766660538331805
2023-04-05,2.6818482165654127,-1.7550103469141787
2023-04-06,2.794960753766833,-0.9828224717205367
2023-04-10,2.771089049909914,-0.5026463805601625
2023-04-11,2.697270692031953,-1.0275946444592685
2023-04-12,2.9750034979805005,-0.14057836095928491
2023-04-13,3.250629066209677,-0.046468432163468604
2023-04-14,3.6411698293235246,1.7967384999959042
2023-04-17,3.0636069768655614,0.3242447628010532
2023-04-18,2.824466034896413,-0.43407057069342775
2023-04-19,3.1402042405817436,0.7079321127293615
2023-04-20,2.810048979633817,-0.5177151467838121
2023-04-21,3.024570156963158,0.6686031538828983
2023-04-24,2.5632809145396687,-0.9389393305254263
2023-04-25,2.784195954769793,-0.3471121862210467
2023-04-26,2.7638904765054915,-0.2662065684313884
2023-04-27,2.8060833970579657,-0.3710777401527915
2023-04-28,2.531287685216399,-1.0716987911386682
2023-05-01,2.7274121404693346,-0.6701746123832587
2023-05-02,3.0933860934168154,0.08213455770234197
2023-05-03,3.061947055843852,-0.2641167739332121
2023-05-04,3.5252688406936925,0.7419179021838601
2023-05-05,3.589418172881969,1.474610126786419
2023-05-08,2.7234466446251258,-0.9573265740486914
2023-05-09,2.841375227618153,-0.7216874187714297
2023-05-10,3.06747321096151,0.07415240139059667
2023-05-11,3.0516963602936045,0.3402997402905283
2023-05-12,2.7716747669086113,-0.5268715826275838
2023-05-15,2.5983046735895963,-1.2687767188731107
2023-05-16,2.88534431011792,0.020536541960884593
2023-05-17,2.465840231856636,-0.9169396245888349
2023-05-18,2.6787167941902585,-0.05597193769528321
2023-05-19,2.726668883296811,-0.021305775233733837
2023-05-22,2.232900462159063,-1.3053271598244487
2023-05-23,2.5507956659470734,-0.3399053696691276
2023-05-24,2.6606719352069574,-0.0019879426849907533
2023-05-25,2.4605426221336013,-0.029930563567697577
2023-05-26,2.295255665184459,-0.8189551991351809
2023-05-30,2.473186049369129,-1.2205529443878746
2023-05-31,2.244528672311579,-2.1060813985751228
2023-06-01,2.4940910541234724,-1.7018897604361978
2023-06-02,2.6232473551719413,-0.9718815839228215
2023-06-05,2.340773049473017,-1.5951107402112374
2023-06-06,1.99993674232148,-2.5791753243204254
2023-06-07,2.62544135712617,-0.3397789782830238
2023-06-08,2.6439583155137134,-0.4420669450407175
2023-06-09,2.3833615004164677,-1.2658957765396854
2023-06-12,2.3573489986233427,-1.2561310284076233
2023-06-13,2.601527579732919,-0.41479743562463794
2023-06-14,2.3644512343526523,-0.9820222827746083
2023-06-15,2.668665688875784,0.06577020792504439
2023-06-16,2.2481389600148214,-1.4919678740447133
2023-06-20,2.5181028258627234,-0.14643894942246957
2023-06-21,2.2170274981741924,-1.049036581188695
2023-06-22,2.2134695850111163,-0.7869275392445303
2023-06-23,2.3613658626383387,-0.517672635097432
2023-06-26,2.0113112979442906,-1.5305948627180173
2023-06-27,2.1382159497010056,-0.9291146321723461
2023-06-28,1.964836161853041,-1.350012625600076
2023-06-29,2.027655936397863,-0.9871786589211934
2023-06-30,2.1385094781064042,-1.0102867946944047
2023-07-03,2.092927178536233,-1.3944415356339153
2023-07-05,2.104385701918554,-0.9448521139543546
2023-07-06,2.1425074868352807,-0.7066644317725798
2023-07-07,2.2303115436745835,-0.8091113386124402
2023-07-10,2.0184610025229706,-1.2163884066428183
2023-07-11,2.0328875393210373,-1.4404671009298904
2023-07-12,2.470996668967183,-0.37602943789839854
2023-07-13,2.190068727997813,-1.1380645479440061
2023-07-14,2.199142696948588,-1.252788621537311
2023-07-17,2.163856337050107,-1.3569581860015028
2023-07-18,2.6482047703829394,-0.2459608317357662
2023-07-19,2.2519560085701507,-1.5198648279006826
2023-07-20,2.484964416100948,-0.7224358985219732
2023-07-21,2.277389870042283,-1.3470717225816127
2023-07-24,2.2105649928003492,-1.2110762655186469
2023-07-25,2.2143119580169555,-1.2558622884671646
2023-07-26,2.302614655429804,-1.1485173113141989
2023-07-27,2.7023368866715742,-0.07478603881175959
2023-07-28,2.1853235710238463,-2.0405952181904867
2023-07-31,2.3100473368321772,-1.9632832669222255
2023-08-01,2.355047277166599,-1.3036505104488394
2023-08-02,2.2303696452185275,-1.6133639760286755
2023-08-03,1.9230145065205166,-2.111255307317552
2023-08-04,2.2846947327692937,-1.4623431051287445
2023-08-07,2.3991140222916707,-1.354019823874207
2023-08-08,2.3504596534318667,-0.8931504120524336
2023-08-09,2.3426174113765272,-0.8362043984417634
2023-08-10,2.2723464867124767,-0.975538688980611
2023-08-11,2.0610803405880445,-1.5760343469474662
2023-08-14,2.098231114092433,-1.4561666975425236
2023-08-15,2.1362523242320184,-1.0282450867684594
2023-08-16,1.9088909669481073,-2.013560492545358
2023-08-17,1.9367785974767773,-1.6554483153002493
2023-08-18,1.7421784077449007,-2.2896631123736846
2023-08-21,1.8748785067664924,-1.8827117356522698
2023-08-22,1.9304647667670105,-1.826677657130267
2023-08-23,2.2655087027187353,-1.0654955913995536
2023-08-24,2.0391702741213416,-1.654196287473332
2023-08-25,2.1740105104936855,-1.1270169273591455
2023-08-28,2.0491062281319863,-1.8693054672013
2023-08-29,2.3688971594275814,-1.0848186805985518
2023-08-30,2.2164012010722978,-1.678276793049732
2023-08-31,2.1177140890682757,-1.7876725935804119
2023-09-01,2.300062463133767,-1.3945500196188905
2023-09-05,2.339891840326396,-0.8753435069668898
2023-09-06,2.1003978172815443,-1.4422722042499159
2023-09-07,1.9208219453171242,-1.969979109035942
2023-09-08,2.0001145122489943,-1.8781861221275635
2023-09-11,1.780880456338625,-2.440980404115883
2023-09-12,2.055190266495098,-1.5121773323425745
2023-09-13,1.8898143197608877,-1.850541862544893
2023-09-14,1.901984515119959,-1.6550889509840654
2023-09-15,2.1764072570537345,-1.2347458806883649
2023-09-18,2.014191152904969,-1.9344504390257353
2023-09-19,1.9553672119619014,-2.116793212221541
2023-09-20,2.295968017936356,-1.0978678501562573
2023-09-21,2.233048430014185,-0.5427343803610994
2023-09-22,2.0212896319746654,-1.6014117819629063
2023-09-25,2.0836276788911507,-1.2058119669077607
2023-09-26,2.128831369982185,-0.648349517599942
2023-09-27,2.3028329669827086,0.25771166086105274
2023-09-28,2.005872600022201,-0.25437738098354234
2023-09-29,2.1455461584755477,0.09296583022412495
2023-10-02,1.7265422189252597,-0.6911433648822123
2023-10-03,1.5447952162941156,-1.0310811545589007
2023-10-04,1.4535221516204544,-1.255002218251648
2023-10-05,1.4878736480905095,-1.2375522982258675
2023-10-06,1.7377855582605946,-0.5174632600978076
2023-10-09,1.818880798044112,-0.8141260128839996
2023-10-10,1.7106930048306987,-1.2552023016018616
2023-10-11,1.8332192598109756,-1.1674213848095223
2023-10-12,1.8226820328233762,-1.1969629575737604
2023-10-13,3.201333952659394,2.0114253132184823
2023-10-16,2.3635399737877503,-0.16394132285611174
2023-10-17,2.3315166400451104,-0.3342642453146763
2023-10-18,2.9332296171087724,0.9807539529872528
2023-10-19,2.880485359980313,0.7336216612372164
2023-10-20,2.858918485209563,0.4998426341390055
2023-10-23,2.429703831756414,-0.5228613239879363
2023-10-24,2.4612480272259454,-0.8651242222836137
2023-10-25,2.61774310745113,-0.515089417351074
2023-10-26,2.576214548040078,-0.7748301742561398
2023-10-27,2.755642358828951,-0.6874146438792357
2023-10-30,2.3600656029706286,-1.8358638083400778
2023-10-31,2.6865613393946046,-0.790546944379252
2023-11-01,2.57286096327753,-0.9986146534967205
2023-11-02,2.2749804318045324,-1.9130361092628803
2023-11-03,2.52385995297654,-1.1909672412164094
2023-11-06,2.145040991038325,-2.0672369692787007
2023-11-07,2.41472842228659,-0.9425740184021898
2023-11-08,2.375089883544191,-1.0325030489135258
2023-11-09,2.3834673761481486,-0.9868394806555175
2023-11-10,2.4877492007263524,-0.04388448590815125
2023-11-13,2.2640938499886913,-0.9202506314090906
2023-11-14,2.7468791781610813,0.02168345247578623
2023-11-15,2.442000030788978,-0.8044225486397211
2023-11-16,2.165986008303376,-1.459901250372654
2023-11-17,2.1394284990776664,-1.7036114368301847
2023-11-20,2.5257039247897604,-0.614312826004327
2023-11-21,2.7341778195722997,-0.526583071980862
2023-11-22,2.5444938387521927,-0.8716387450307609
2023-11-24,2.428770231524325,-1.1835121602196632
2023-11-27,2.582175011776561,-0.8506837157366548
2023-11-28,2.994262600272972,-0.6731258856145219
2023-11-29,2.9004973799800133,-1.259576574213864
2023-11-30,2.8384379136651883,-1.2730504059730336
2023-12-01,3.551857779453664,0.25201976469072834
2023-12-04,3.9068369189803906,2.6405282035212045
2023-12-05,3.2753841417232494,0.5851615592132804
2023-12-06,2.984404483886026,-0.3954734067246064
2023-12-07,3.0194369191794665,-0.25956056250669973
2023-12-08,3.325068693339002,1.0828694597347774
2023-12-11,3.026642469399915,0.3517709600833147
2023-12-12,2.641463346607137,-0.7682123493628537
2023-12-13,3.3442609683560693,0.6089309265499557
2023-12-14,3.1389682455810846,-0.10998010547719105
2023-12-15,3.1912351009923685,0.15317794606831875
2023-12-18,2.9111626981949073,-0.5819010958838481
2023-12-19,3.067075629471513,-0.5981086547265649
2023-12-20,2.8243993646641137,-1.1871528712973722
2023-12-21,2.788571662284419,-1.336919866733855
2023-12-22,3.1330043054595027,-0.7234042250341344
2023-12-26,2.758732847828334,-2.20845285170353
2023-12-27,3.042261285348105,-1.7093186943673888
2023-12-28,3.0726631557440434,-1.3637623011653641
2023-12-29,2.8704533805735744,-1.6840573313887321
2024-01-02,3.040655412842534,-1.193955188525695
2024-01-03,3.2682168007828736,0.24759449969037658
2024-01-04,2.767616233065344,-1.452113895665827
2024-01-05,3.322356430902602,0.15671742225799976
2024-01-08,2.9907337713333857,-0.4909988030918348
2024-01-09,2.698697677172162,-1.1744177527674495
2024-01-10,2.7456603020256978,-1.0601733375369027
2024-01-11,3.1311127744029243,0.221912659134123
2024-01-12,3.1962382474204754,-0.09750105389833234
2024-01-16,3.2041769273504332,0.5047757804121268
2024-01-17,3.0017557543502065,0.3196263335776576
2024-01-18,2.7089742671401504,-0.8434431716887792
2024-01-19,2.8266645459622555,-0.7309455658039251
2024-01-22,2.7252715105311713,-0.9073736576721776
2024-01-23,2.7749927461741546,-0.8382551646244445
2024-01-24,2.853711515069924,-0.3873174822136118
2024-01-25,2.6761324931522807,-0.9699559378092644
2024-01-26,2.42208616222803,-2.0578240872347897
2024-01-29,2.570250744503917,-1.797978649411527
2024-01-30,2.8884583492225566,-1.1588552814560196
2024-01-31,3.0301326874960726,-0.8148363104117556
2024-02-01,3.2763558076311323,-0.1233299230869564
2024-02-02,3.124845522750901,-0.3930672015543669
2024-02-05,3.0074331044387956,-0.6772799303166747
2024-02-06,2.75506824409361,-1.52357740220677
2024-02-07,2.7526748167027364,-1.5650394021539304
2024-02-08,2.755998921548234,-1.512961285281107
2024-02-09,2.654911178658428,-1.852466486565433
2024-02-12,2.5717564459952102,-1.9396025572656694
2024-02-13,3.1392108382054644,0.06697929032299965
2024-02-14,2.3801631762733972,-1.5168081725233764
2024-02-15,2.5623428310389187,-1.2271364692974456
2024-02-16,2.6536579192655494,-1.2910196042761615
2024-02-20,2.754783007385946,-1.054866569920845
2024-02-21,2.5934469368288804,-1.6772790838130887
2024-02-22,2.673637756967454,-1.3859305410144256
2024-02-23,2.9176008994378693,-0.9575057738351093
2024-02-26,2.5823064086844916,-1.796886668042672
2024-02-27,2.5726039714635363,-1.8751869569244495
2024-02-28,2.6112232734142817,-1.7700534241271504
2024-02-29,2.8809675816309674,-1.007265364413883
2024-03-01,3.729516601513432,0.9761332097055183
2024-03-04,3.731754416982887,0.5679085645405727
2024-03-05,3.67726414919919,0.021484346413677368
2024-03-06,3.6516748780674946,-0.1763164605674179
2024-03-07,3.529140457518303,-0.9094748669483179
2024-03-08,4.084788843972335,0.4152582394244602
2024-03-11,3.5337834028487656,-1.379083669838082
2024-03-12,3.9320022203238563,0.2602992579982601
2024-03-13,3.658016045998454,-0.9958913709189997
2024-03-14,3.650417461641186,-0.7972129664019217
2024-03-15,3.4798453372694422,-1.2452635290553027
2024-03-18,3.4553276357187244,-1.166286975686339
2024-03-19,3.354424175852159,-1.6075641477946812
2024-03-20,3.9044390268108775,-0.3123035810743227
2024-03-21,4.489333511415298,1.1938688198575833
2024-03-22,3.7438003205572135,-0.5879738915879384
2024-03-25,3.5444080399072027,-1.2301557483526064
2024-03-26,3.8617656552573743,-0.5903215163327122
2024-03-27,3.9333102149773156,-0.9304178362430469
2024-03-28,4.596220176085755,0.49695723082704085
2024-04-01,4.519054414100877,-0.2094032608522819
2024-04-02,4.594727223041104,-0.08144666409133045
2024-04-03,4.642595556331285,-0.7578208715816561
2024-04-04,4.518312995287584,-0.8320929018571527
2024-04-05,5.3644533426025784,0.7940164633982695
2024-04-08,5.221711696547119,0.325106662249838
2024-04-09,4.874463563306351,-0.7152282968616122
2024-04-10,5.157196255106219,0.5817723135728712
2024-04-11,5.412672379768239,0.3572548682327864
2024-04-12,6.540599576169993,3.4962132144881153
2024-04-15,5.683419653029908,1.2233567507311132
2024-04-16,5.19770053011393,-0.562755656007389
2024-04-17,5.288580923592733,0.047437987528109626
2024-04-18,5.042329369746549,-1.010338029138411
2024-04-19,5.465426635682676,-0.11096140826585042
2024-04-22,5.8268397695218965,2.022933546225046
2024-04-23,5.172248500759287,0.8449978752473423
2024-04-24,4.797481515873126,-0.410446567401699
2024-04-25,5.085244396251333,0.28198221361629117
2024-04-26,4.8317976949247825,-0.687828907131377
2024-04-29,4.875920177598182,-0.5487960322357068
2024-04-30,5.240117933567057,1.2495494903499433
2024-05-01,5.01229766754971,0.29419370999287936
2024-05-02,4.913091039312739,-0.11853906075675484
2024-05-03,4.96204019675524,0.3033327228806694
2024-05-06,4.971962885197652,-0.08546626845619525
2024-05-07,4.568896210660598,-0.8805002642836027
2024-05-08,4.475333661528093,-0.981801042408975
2024-05-09,4.862907183161031,-0.6611334398782308
2024-05-10,4.978986702256062,-0.7551799838496461
2024-05-13,4.9465043749239825,-0.21081163841418402
2024-05-14,4.769103726828922,-0.9910840242607492
2024-05-15,5.2670640134896605,-0.045391933742678366
2024-05-16,5.047837476157353,-0.6947377568582203
2024-05-17,5.614519757202226,0.25576641956917
2024-05-20,5.677960145746899,0.3576010105718611
2024-05-21,5.330384616960241,-0.36427391083105887
2024-05-22,5.685340790290017,0.8610991612617858
2024-05-23,5.61908156823756,1.8539373668595636
2024-05-24,4.705118352928344,-0.6257365621951223
2024-05-28,5.063893311400285,0.5294851057696061
2024-05-29,4.877691004159963,-0.7291850457441379
2024-05-30,5.019029961242954,-0.4678147596689092
2024-05-31,5.177470188533619,0.15960240479833024
2024-06-03,5.215512033419889,-0.007214446929384932
2024-06-04,5.029155759102622,-0.3989356216590528
2024-06-05,4.993882657554976,-0.7474417688645713
2024-06-06,4.968860860987283,-1.0769126820674304
2024-06-07,6.560101473061201,4.118821547213576
2024-06-10,4.728029712294661,-0.43336223542991126
2024-06-11,4.686730271261926,-0.620738002878533
2024-06-12,5.024800193596557,0.1546939022882962
2024-06-13,4.899810108490447,0.2716216541375694
2024-06-14,5.056553556151143,0.04284512480750797
2024-06-17,4.793790826471217,-0.4570325618409943
2024-06-18,4.7752054530153725,-0.8587266702489909
2024-06-20,5.212542943615815,0.24536462021104946
2024-06-21,5.452750800838698,1.0199715345976943
2024-06-24,4.613733312708055,-1.2410761815799902
2024-06-25,4.6566062603274965,-0.9810883422942089
2024-06-26,4.710067537196899,-0.49701835604128836
2024-06-27,4.826716232806702,-0.7048173589871387
2024-06-28,4.59681678522472,-1.3469026650804903
2024-07-01,4.551395665916125,-1.4465402600223372
2024-07-02,4.431251147763149,-1.8017501389292778
2024-07-03,5.048315482899513,-0.6235518882803366
