Date,Close/Last,Volume,Open,High,Low
2014-07-07,1317.0,791100,1321.4,1321.7,1312.1
2014-07-08,1316.5,1267060,1320.8,1325.7,1314.3
2014-07-09,1324.3,1551010,1320.4,1333.4,1318.7
2014-07-10,1339.2,1673910,1325.0,1346.8,1325.0
2014-07-11,1337.4,884700,1336.5,1340.4,1334.6
2014-07-14,1306.7,1999730,1339.5,1340.9,1302.2
2014-07-15,1297.1,1696120,1309.1,1314.4,1292.6
2014-07-16,1299.8,1094180,1295.2,1304.2,1293.5
2014-07-17,1316.9,1703600,1300.3,1325.9,1298.1
2014-07-18,1309.4,1166870,1319.1,1325.5,1305.0
2014-07-21,1315.5,172600,1312.2,1320.4,1309.7
2014-07-22,1308.0,142960,1314.8,1318.0,1304.2
2014-07-23,1306.5,185290,1309.2,1313.3,1305.3
2014-07-24,1292.7,318530,1306.7,1307.0,1289.4
2014-07-25,1305.3,402130,1296.0,1311.0,1293.0
2014-07-28,1305.8,568260,1309.2,1311.4,1303.3
2014-07-29,1300.5,1345850,1306.7,1314.6,1298.0
2014-07-30,1296.9,1231380,1300.5,1305.2,1293.2
2014-07-31,1282.8,1266840,1297.0,1298.8,1281.3
2014-08-01,1294.8,1304800,1284.2,1298.4,1281.0
2014-08-04,1288.9,626640,1295.4,1296.4,1287.0
2014-08-05,1285.3,956480,1289.2,1295.0,1283.3
2014-08-06,1308.2,1473080,1288.9,1311.0,1288.5
2014-08-07,1312.5,1170730,1306.6,1316.4,1303.0
2014-08-08,1311.0,1434320,1314.5,1324.3,1305.7
2014-08-11,1310.5,606010,1310.4,1312.9,1306.4
2014-08-12,1310.6,957410,1309.2,1319.3,1306.8
2014-08-13,1314.5,952800,1309.6,1316.4,1306.0
2014-08-14,1315.7,999030,1313.4,1321.8,1310.0
2014-08-15,1306.2,1825790,1313.4,1316.5,1293.0
2014-08-18,1299.3,726400,1304.2,1304.9,1296.5
2014-08-19,1296.7,741270,1298.6,1303.7,1294.7
2014-08-20,1295.2,799330,1297.2,1299.3,1288.7
2014-08-21,1275.4,1319520,1279.5,1292.0,1273.4
2014-08-22,1280.2,866550,1278.2,1283.9,1274.6
2014-08-25,1278.9,507630,1280.8,1281.6,1275.0
2014-08-26,1285.2,989320,1277.4,1291.9,1275.7
2014-08-27,1283.4,637630,1281.6,1288.2,1280.9
2014-08-28,1290.4,1059110,1283.7,1297.6,1283.0
2014-08-29,1287.4,710250,1290.4,1292.5,1284.1
2014-09-02,1265.0,1756800,1288.4,1290.9,1263.1
2014-09-03,1270.3,993690,1266.7,1272.4,1261.9
2014-09-04,1266.5,1415720,1269.8,1279.2,1261.3
2014-09-05,1267.3,999170,1261.7,1274.8,1258.0
2014-09-08,1254.3,1079570,1269.5,1272.6,1252.1
2014-09-09,1248.5,1212170,1257.1,1258.9,1248.1
2014-09-10,1245.3,1322350,1256.2,1258.5,1244.5
2014-09-11,1239.0,1492140,1249.8,1251.0,1235.3
2014-09-12,1231.5,1329480,1240.9,1242.3,1228.1
2014-09-15,1235.1,909660,1228.3,1239.2,1226.3
2014-09-16,1236.7,1189710,1233.2,1243.2,1232.2
2014-09-17,1235.9,1257960,1235.3,1240.5,1222.0
2014-09-18,1226.9,1399590,1223.1,1228.7,1216.3
2014-09-19,1216.6,1694560,1225.6,1229.2,1214.2
2014-09-22,1217.9,1292760,1216.4,1221.0,1208.8
2014-09-23,1222.0,1477710,1214.9,1237.0,1214.7
2014-09-24,1219.5,1267880,1223.2,1226.7,1216.2
2014-09-25,1221.9,1740790,1217.3,1225.3,1206.6
2014-09-26,1215.4,1409100,1222.1,1232.7,1212.8
2014-09-29,1218.8,1001750,1219.1,1223.9,1215.3
2014-09-30,1211.6,1742320,1215.7,1220.7,1204.3
2014-10-01,1215.5,1397350,1209.4,1220.0,1205.0
2014-10-02,1215.1,1428070,1213.4,1224.0,1209.1
2014-10-03,1192.9,1796060,1213.9,1215.7,1190.3
2014-10-06,1207.3,1396650,1192.0,1209.9,1183.3
2014-10-07,1212.4,1353640,1207.8,1214.1,1203.0
2014-10-08,1206.0,1816610,1209.8,1224.5,1205.1
2014-10-09,1225.3,1571700,1221.1,1234.0,1219.3
2014-10-10,1221.7,1124220,1224.0,1225.7,1217.6
2014-10-13,1230.0,1170070,1224.8,1238.0,1223.6
2014-10-14,1234.3,1072390,1237.3,1238.6,1231.1
2014-10-15,1244.8,2509990,1233.3,1250.3,1222.0
2014-10-16,1241.2,1751620,1242.2,1245.6,1235.2
2014-10-17,1239.0,1110150,1239.5,1242.1,1232.0
2014-10-20,1244.7,898140,1239.1,1249.3,1234.9
2014-10-21,1251.7,1430070,1246.8,1255.6,1245.7
2014-10-22,1245.5,1048390,1248.9,1250.2,1240.7
2014-10-23,1229.1,1330220,1241.7,1244.9,1226.3
2014-10-24,1231.8,876090,1233.5,1234.7,1228.7
2014-10-27,1229.3,760130,1230.6,1232.1,1225.2
2014-10-28,1229.4,1176530,1225.8,1235.5,1222.2
2014-10-29,1224.9,1257900,1227.8,1230.4,1208.2
2014-10-30,1198.6,1995650,1211.2,1216.5,1195.5
2014-10-31,1171.6,2846280,1174.2,1202.4,1160.5
2014-11-03,1169.8,1233280,1171.1,1173.4,1161.0
2014-11-04,1167.7,1286180,1164.6,1175.0,1163.4
2014-11-05,1145.7,2483550,1168.4,1169.3,1137.1
2014-11-06,1142.6,1569910,1140.8,1149.0,1137.2
2014-11-07,1169.8,2870740,1141.2,1179.0,1130.4
2014-11-10,1159.8,1918230,1176.8,1177.5,1146.7
2014-11-11,1163.0,1771530,1151.5,1172.5,1145.5
2014-11-12,1159.1,1768180,1163.0,1169.4,1156.5
2014-11-13,1161.5,1822620,1161.1,1167.4,1153.0
2014-11-14,1185.6,2836910,1161.8,1192.9,1146.0
2014-11-17,1183.5,1907060,1185.5,1193.6,1180.8
2014-11-18,1197.1,1622940,1185.6,1204.1,1182.7
2014-11-19,1193.9,2597260,1196.5,1201.7,1173.9
2014-11-20,1190.9,1798550,1183.1,1196.6,1176.2
2014-11-21,1197.7,1927120,1194.0,1207.6,1186.1
2014-11-24,1196.6,691180,1200.7,1204.5,1192.8
2014-11-25,1197.8,1196190,1198.2,1203.0,1190.0
2014-11-28,1175.5,2407230,1189.8,1199.3,1163.9
2014-12-01,1218.1,3277640,1159.4,1221.0,1141.7
2014-12-02,1199.4,1560620,1212.6,1212.6,1191.4
2014-12-03,1208.7,1332210,1197.6,1215.0,1193.5
2014-12-04,1207.7,1117300,1209.3,1213.5,1201.1
2014-12-05,1190.4,1449260,1205.9,1208.5,1186.4
2014-12-08,1194.9,990590,1191.2,1209.3,1187.3
2014-12-09,1232.0,2280240,1203.8,1239.0,1199.5
2014-12-10,1229.4,1355690,1231.2,1238.9,1225.2
2014-12-11,1225.6,1368600,1226.2,1233.4,1216.4
2014-12-12,1222.5,1164670,1227.9,1228.9,1214.8
2014-12-15,1207.7,1458430,1222.0,1225.0,1191.3
2014-12-16,1194.3,2215710,1195.4,1223.9,1187.8
2014-12-17,1194.5,1549620,1195.3,1203.1,1182.0
2014-12-18,1194.8,1291270,1189.4,1213.9,1188.5
2014-12-19,1196.0,687470,1198.0,1201.5,1193.2
2014-12-22,1179.8,1229220,1196.0,1203.6,1170.7
2014-12-23,1178.0,928930,1176.1,1184.9,1172.4
2014-12-24,1173.5,401920,1176.8,1181.2,1172.7
2014-12-26,1195.3,655710,1175.2,1199.1,1175.2
2014-12-29,1181.9,785210,1194.9,1197.5,1178.6
2014-12-30,1200.4,1319610,1182.9,1210.9,1180.5
2014-12-31,1184.1,672310,1199.8,1203.9,1179.5
2015-01-02,1186.2,1122800,1184.0,1194.9,1167.3
2015-01-05,1204.0,1429420,1187.8,1207.5,1177.8
2015-01-06,1219.4,1806530,1204.0,1223.3,1201.6
2015-01-07,1210.7,1111500,1219.0,1219.4,1209.1
2015-01-08,1208.5,1130910,1211.0,1216.8,1204.2
2015-01-09,1216.1,1488090,1208.9,1224.0,1207.0
2015-01-12,1232.8,1323130,1223.0,1236.0,1217.5
2015-01-13,1234.4,1683740,1233.1,1244.5,1227.4
2015-01-14,1234.5,1842080,1231.2,1244.6,1224.9
2015-01-15,1264.8,2727500,1229.7,1267.2,1226.1
2015-01-16,1276.9,2041980,1263.5,1282.4,1255.2
2015-01-20,1294.2,2311850,1276.3,1297.2,1272.1
2015-01-21,1293.7,1950980,1295.3,1307.0,1284.6
2015-01-22,1300.7,1988870,1293.7,1307.8,1279.1
2015-01-23,1292.6,1406040,1301.5,1302.9,1284.3
2015-01-26,1279.4,1578590,1292.8,1299.2,1275.6
2015-01-27,1292.9,842730,1281.9,1298.6,1273.0
2015-01-28,1287.2,1406420,1293.5,1294.6,1280.2
2015-01-29,1255.9,2335770,1284.0,1286.6,1252.1
2015-01-30,1279.2,1562920,1259.0,1285.4,1257.5
2015-02-02,1276.9,1114080,1283.0,1283.9,1266.5
2015-02-03,1260.3,1669350,1275.6,1286.5,1255.8
2015-02-04,1264.5,1271400,1261.5,1273.3,1256.9
2015-02-05,1262.7,1050450,1270.4,1274.6,1256.1
2015-02-06,1234.6,1891540,1266.4,1269.0,1228.2
2015-02-09,1241.5,861010,1235.9,1243.6,1234.4
2015-02-10,1232.2,921100,1238.3,1245.9,1230.6
2015-02-11,1219.6,1090120,1234.1,1238.7,1216.5
2015-02-12,1220.7,1033500,1222.9,1232.8,1218.0
2015-02-13,1227.1,902560,1223.0,1234.9,1222.5
2015-02-17,1208.6,1727210,1230.9,1236.7,1203.3
2015-02-18,1200.2,1141780,1209.3,1213.4,1197.2
2015-02-19,1207.6,1051130,1209.0,1222.9,1205.2
2015-02-20,1204.9,1030620,1208.0,1215.3,1197.7
2015-02-23,1200.8,1085170,1203.5,1210.3,1190.6
2015-02-24,1197.3,1094400,1201.9,1204.4,1190.0
2015-02-25,1201.5,975880,1200.8,1211.7,1200.7
2015-02-26,1210.1,1221000,1203.9,1219.9,1203.4
2015-02-27,1213.1,1073820,1208.8,1219.2,1204.1
2015-03-02,1208.2,1282220,1213.8,1223.0,1204.2
2015-03-03,1204.4,1468740,1206.1,1214.4,1194.6
2015-03-04,1200.9,995390,1203.8,1208.4,1197.7
2015-03-05,1196.2,1255640,1200.2,1208.9,1195.8
2015-03-06,1164.3,2040430,1197.5,1200.0,1162.9
2015-03-09,1166.5,1120180,1169.6,1174.4,1164.8
2015-03-10,1160.1,1702230,1165.6,1169.6,1153.8
2015-03-11,1150.6,1528740,1161.1,1164.3,1146.5
2015-03-12,1151.9,1514990,1153.7,1165.7,1147.5
2015-03-13,1152.4,1131410,1152.6,1160.9,1150.4
2015-03-16,1153.2,1141950,1157.9,1163.3,1149.3
2015-03-17,1148.2,1492860,1153.7,1159.3,1141.6
2015-03-18,1151.3,1802950,1148.1,1175.1,1144.9
2015-03-19,1169.0,1507270,1166.1,1177.0,1158.6
2015-03-20,1184.6,1552330,1170.4,1187.4,1167.9
2015-03-23,1187.7,1570850,1183.2,1191.0,1178.6
2015-03-24,1191.4,1536510,1188.5,1194.5,1184.7
2015-03-25,1197.0,1713730,1192.5,1199.3,1186.1
2015-03-26,1205.7,1120280,1196.1,1220.4,1194.8
2015-03-27,1200.7,1285830,1204.6,1206.6,1192.6
2015-03-30,1185.3,1227240,1198.6,1199.6,1182.2
2015-03-31,1183.2,1124620,1185.5,1190.6,1178.2
2015-04-01,1208.2,1416100,1183.2,1208.7,1180.5
2015-04-02,1200.9,1088840,1204.3,1207.4,1194.8
2015-04-06,1218.6,1013510,1212.6,1224.5,1212.6
2015-04-07,1210.6,805610,1208.6,1215.9,1207.5
2015-04-08,1203.1,1123710,1208.7,1212.5,1197.4
2015-04-09,1193.6,1046470,1202.6,1203.3,1192.4
2015-04-10,1204.6,1162510,1193.8,1210.6,1192.9
2015-04-13,1199.3,1052260,1207.2,1209.3,1196.1
2015-04-14,1192.6,1536920,1198.8,1201.3,1183.5
2015-04-15,1201.3,1239230,1192.2,1204.4,1188.3
2015-04-16,1198.0,1519840,1201.8,1208.8,1194.3
2015-04-17,1203.1,1079120,1198.6,1207.8,1197.0
2015-04-20,1193.7,1267030,1204.4,1209.0,1190.8
2015-04-21,1203.1,971200,1195.8,1203.7,1192.5
2015-04-22,1186.9,1465030,1202.2,1204.4,1185.0
2015-04-23,1194.3,1106080,1186.9,1197.4,1183.6
2015-04-24,1175.0,1495220,1193.0,1195.4,1174.1
2015-04-27,1203.2,1951250,1179.3,1206.7,1177.6
2015-04-28,1213.9,1456280,1201.6,1214.9,1198.6
2015-04-29,1210.0,1346030,1211.4,1213.5,1200.7
2015-04-30,1182.4,1962780,1204.5,1207.4,1176.0
2015-05-01,1174.5,1124520,1183.7,1184.4,1168.4
2015-05-04,1186.8,1041060,1176.6,1192.1,1176.6
2015-05-05,1193.2,1058980,1187.5,1199.3,1184.9
2015-05-06,1190.3,1035390,1192.5,1196.9,1187.4
2015-05-07,1182.2,1272130,1191.3,1192.0,1177.9
2015-05-08,1188.9,1341060,1183.7,1193.0,1180.5
2015-05-11,1183.0,1233510,1189.0,1190.9,1178.0
2015-05-12,1192.4,1330630,1182.5,1196.3,1179.7
2015-05-13,1218.2,2255060,1192.5,1218.5,1190.4
2015-05-14,1225.2,1629900,1215.0,1227.7,1211.9
2015-05-15,1225.3,1285570,1220.9,1225.8,1210.6
2015-05-18,1227.6,1120750,1225.4,1232.0,1221.2
2015-05-19,1206.7,1678200,1225.4,1225.5,1205.1
2015-05-20,1208.7,1191290,1207.7,1213.2,1202.7
2015-05-21,1204.1,1165520,1209.4,1212.4,1201.0
2015-05-22,1204.0,1381920,1206.0,1214.6,1201.0
2015-05-26,1187.8,919100,1207.3,1208.9,1185.6
2015-05-27,1186.5,1392970,1187.5,1191.3,1183.9
2015-05-28,1188.8,1416070,1188.0,1192.8,1180.2
2015-05-29,1189.8,974740,1188.1,1194.4,1186.0
2015-06-01,1188.7,1621330,1189.8,1204.7,1184.0
2015-06-02,1194.4,1067110,1189.5,1196.4,1185.8
2015-06-03,1184.9,1170940,1193.8,1195.6,1179.1
2015-06-04,1175.2,1445590,1185.8,1186.6,1172.4
2015-06-05,1168.1,1426280,1176.5,1178.0,1162.1
2015-06-08,1173.6,1007560,1170.8,1177.1,1168.5
2015-06-09,1177.6,874290,1173.2,1182.3,1171.8
2015-06-10,1186.6,1166770,1175.8,1191.8,1174.3
2015-06-11,1180.4,1010750,1185.7,1187.4,1174.8
2015-06-12,1179.2,805000,1180.8,1183.7,1175.6
2015-06-15,1185.8,1245840,1180.0,1190.2,1171.9
2015-06-16,1180.9,939670,1185.3,1187.4,1175.4
2015-06-17,1176.8,960540,1181.1,1188.8,1173.9
2015-06-18,1202.0,1747380,1184.2,1205.7,1183.1
2015-06-19,1201.9,795700,1201.8,1204.0,1198.0
2015-06-22,1184.1,1167800,1199.7,1200.8,1181.6
2015-06-23,1176.6,1066250,1185.3,1187.7,1175.6
2015-06-24,1172.9,1100460,1177.6,1179.7,1168.1
2015-06-25,1171.8,805980,1174.1,1177.3,1170.5
2015-06-26,1173.2,999040,1172.5,1178.0,1167.1
2015-06-29,1179.0,1363940,1182.5,1187.6,1173.2
2015-06-30,1171.8,1398300,1179.8,1180.0,1165.4
2015-07-01,1169.3,905980,1172.4,1174.4,1166.7
2015-07-06,1173.2,1005810,1173.2,1174.4,1161.9
2015-07-07,1152.6,1901680,1168.8,1170.0,1146.8
2015-07-08,1163.5,1590020,1154.0,1163.8,1145.9
2015-07-09,1159.2,1225630,1157.5,1166.9,1155.1
2015-07-10,1157.9,1065100,1158.7,1164.5,1156.4
2015-07-13,1155.4,1186070,1162.3,1163.9,1149.8
2015-07-14,1153.5,1038140,1157.0,1159.1,1151.8
2015-07-15,1147.4,1410770,1153.9,1155.8,1141.9
2015-07-16,1143.9,1186130,1146.2,1148.2,1140.6
2015-07-17,1131.9,1496220,1144.3,1144.5,1129.6
2015-07-20,1106.8,2503360,1095.0,1132.5,1080.0
2015-07-21,1103.5,1635970,1098.0,1108.8,1095.9
2015-07-22,1091.5,1709190,1100.1,1102.3,1085.6
2015-07-23,1094.1,1948390,1093.4,1104.9,1086.1
2015-07-24,1085.5,2379010,1089.5,1100.9,1072.3
2015-07-27,1096.9,532570,1098.2,1104.9,1088.0
2015-07-28,1096.7,755430,1094.2,1098.7,1091.1
2015-07-29,1093.3,1078350,1094.8,1101.5,1089.8
2015-07-30,1088.7,1555350,1096.6,1098.2,1081.5
2015-07-31,1095.1,1667660,1087.7,1103.0,1079.2
2015-08-03,1089.4,1027790,1095.1,1098.0,1085.1
2015-08-04,1090.7,1088480,1087.5,1094.4,1080.2
2015-08-05,1085.6,1100050,1087.3,1091.7,1082.0
2015-08-06,1090.1,900120,1084.1,1093.3,1082.7
2015-08-07,1094.1,1650510,1088.8,1098.9,1081.4
2015-08-10,1104.1,1429650,1094.0,1108.5,1089.0
2015-08-11,1107.7,1865620,1103.8,1119.1,1093.3
2015-08-12,1123.6,1840250,1108.2,1125.5,1101.1
2015-08-13,1115.6,1253180,1125.2,1126.3,1112.8
2015-08-14,1112.7,1006810,1114.6,1120.4,1111.1
2015-08-17,1118.4,881290,1113.5,1122.2,1112.9
2015-08-18,1116.9,1164420,1117.2,1120.4,1108.5
2015-08-19,1127.9,1469940,1117.2,1134.3,1115.5
2015-08-20,1153.2,1747970,1133.3,1153.7,1132.1
2015-08-21,1159.6,1895820,1153.3,1167.9,1148.5
2015-08-24,1153.6,2556240,1160.2,1169.8,1145.1
2015-08-25,1138.3,1889890,1155.7,1156.3,1134.0
2015-08-26,1124.6,1941260,1139.9,1146.0,1116.9
2015-08-27,1122.6,1196910,1124.4,1131.7,1117.0
2015-08-28,1134.0,1417840,1124.4,1140.3,1123.1
2015-08-31,1132.5,930500,1132.7,1136.3,1125.0
2015-09-01,1139.8,1247730,1133.8,1147.3,1133.8
2015-09-02,1133.6,1069960,1139.0,1141.9,1131.2
2015-09-03,1124.5,1024880,1133.2,1133.8,1121.0
2015-09-04,1121.4,97770,1123.0,1124.1,1117.0
2015-09-08,1121.0,1358110,1118.1,1126.0,1114.7
2015-09-09,1102.0,1616090,1121.0,1124.7,1100.1
2015-09-10,1109.3,1170420,1105.7,1114.1,1102.5
2015-09-11,1103.3,1115070,1110.2,1111.9,1097.7
2015-09-14,1107.7,713500,1107.0,1109.8,1102.6
2015-09-15,1102.6,751090,1107.1,1108.5,1101.5
2015-09-16,1119.0,1238770,1104.4,1123.7,1103.0
2015-09-17,1117.0,1356870,1118.7,1136.0,1114.7
2015-09-18,1137.8,1421080,1130.0,1141.5,1126.9
2015-09-21,1132.8,840420,1138.7,1139.4,1128.7
2015-09-22,1124.8,1095090,1132.6,1136.1,1120.5
2015-09-23,1131.5,892620,1123.8,1134.0,1121.1
2015-09-24,1153.8,2000680,1130.0,1156.4,1129.5
2015-09-25,1145.6,1347820,1151.0,1151.1,1140.1
2015-09-28,1131.7,1370030,1145.0,1147.8,1127.3
2015-09-29,1126.8,1004060,1131.4,1134.3,1123.5
2015-09-30,1115.2,1483410,1127.2,1127.7,1110.8
2015-10-01,1113.7,769840,1114.5,1118.5,1110.3
2015-10-02,1136.6,1787840,1112.5,1140.9,1103.8
2015-10-05,1137.6,1104830,1137.0,1141.6,1129.6
2015-10-06,1146.4,1166710,1134.7,1151.0,1134.5
2015-10-07,1148.7,1087850,1146.5,1153.6,1141.3
2015-10-08,1144.3,1161550,1145.0,1150.9,1135.9
2015-10-09,1155.9,1299250,1138.1,1159.3,1138.0
2015-10-12,1164.5,1067160,1155.0,1168.6,1154.3
2015-10-13,1165.4,1300490,1162.8,1168.6,1151.3
2015-10-14,1179.8,1820830,1168.2,1189.9,1162.5
2015-10-15,1187.5,1810830,1184.0,1191.7,1173.9
2015-10-16,1183.1,1029350,1182.5,1184.8,1174.3
2015-10-19,1172.8,1029670,1176.9,1178.2,1168.3
2015-10-20,1177.5,1161710,1170.6,1181.4,1167.2
2015-10-21,1167.1,1158890,1175.5,1179.3,1163.2
2015-10-22,1166.1,1134950,1166.8,1171.8,1161.4
2015-10-23,1162.8,1453570,1165.9,1179.4,1158.6
2015-10-26,1166.2,793750,1163.8,1169.6,1162.0
2015-10-27,1165.8,853140,1163.0,1168.8,1160.5
2015-10-28,1176.1,1778500,1166.7,1183.1,1152.1
2015-10-29,1147.3,1428050,1156.1,1162.5,1144.2
2015-10-30,1141.4,1100400,1146.6,1149.8,1138.4
2015-11-02,1135.9,985610,1141.3,1142.7,1132.2
2015-11-03,1114.1,1447070,1132.9,1138.0,1113.6
2015-11-04,1106.2,1473110,1117.4,1122.3,1105.6
2015-11-05,1104.2,1305950,1103.6,1111.3,1102.2
2015-11-06,1087.7,1835350,1103.2,1109.7,1084.5
2015-11-09,1088.1,1334270,1089.1,1094.9,1087.4
2015-11-10,1088.5,1379550,1089.0,1094.8,1084.0
2015-11-11,1084.9,1581710,1088.5,1093.5,1083.2
2015-11-12,1081.0,1935120,1085.4,1089.0,1073.0
2015-11-13,1080.9,1262190,1083.5,1088.0,1078.2
2015-11-16,1083.6,1465060,1087.9,1097.4,1080.5
2015-11-17,1068.6,1714660,1082.4,1085.1,1064.4
2015-11-18,1068.7,1445640,1070.2,1074.6,1062.0
2015-11-19,1077.9,1697160,1079.5,1086.6,1068.3
2015-11-20,1076.3,1432170,1079.7,1087.2,1074.9
2015-11-23,1066.6,672860,1072.7,1076.3,1065.4
2015-11-24,1073.3,693170,1067.6,1080.5,1067.6
2015-11-25,1069.7,90700,1070.6,1073.9,1068.7
2015-11-27,1056.2,1754210,1071.0,1073.9,1051.6
2015-11-30,1065.3,1050760,1056.0,1069.1,1052.2
2015-12-01,1063.5,1153020,1064.6,1074.0,1062.6
2015-12-02,1053.8,1173790,1067.9,1071.0,1049.4
2015-12-03,1061.2,1666260,1053.5,1064.5,1045.4
2015-12-04,1084.1,1997060,1062.0,1088.3,1057.2
2015-12-07,1075.2,1040160,1085.5,1086.1,1065.0
2015-12-08,1075.3,1202950,1069.7,1078.4,1066.8
2015-12-09,1076.5,1359090,1074.3,1085.0,1068.7
2015-12-10,1072.0,951610,1071.7,1076.0,1068.8
2015-12-11,1075.7,1470880,1071.4,1079.1,1061.7
2015-12-14,1063.4,1146150,1073.0,1077.3,1058.1
2015-12-15,1061.6,1098420,1060.4,1067.9,1057.4
2015-12-16,1076.8,1358440,1060.3,1077.9,1060.2
2015-12-17,1049.6,1571130,1072.2,1072.7,1046.8
2015-12-18,1065.0,1157750,1051.5,1071.0,1050.0
2015-12-23,1068.3,640300,1069.5,1074.9,1067.6
2015-12-24,1075.9,478860,1069.6,1076.6,1069.5
2015-12-28,1068.3,661510,1068.6,1076.5,1065.7
2015-12-29,1068.0,52600,1068.2,1070.5,1067.7
2015-12-30,1059.8,52600,1068.2,1070.5,1059.8
2015-12-31,1060.2,532720,1060.6,1062.7,1056.5
2016-01-04,1075.2,1512330,1061.5,1083.0,1061.0
2016-01-05,1078.4,992500,1073.5,1081.5,1071.9
2016-01-06,1091.9,1795810,1076.8,1094.9,1074.4
2016-01-07,1107.8,2030630,1093.7,1109.9,1091.1
2016-01-08,1097.9,1834360,1108.8,1113.1,1091.8
2016-01-11,1096.2,1857710,1103.6,1108.3,1093.1
2016-01-12,1085.2,1610910,1094.0,1099.1,1083.1
2016-01-13,1087.1,1466760,1086.8,1095.6,1079.4
2016-01-14,1073.6,1683640,1093.6,1095.4,1071.1
2016-01-15,1090.7,89270,1089.3,1093.3,1089.0
2016-01-19,1089.1,1540640,1089.0,1094.5,1082.1
2016-01-20,1106.2,1831640,1087.3,1109.9,1087.1
2016-01-21,1098.2,1705050,1100.9,1104.8,1092.5
2016-01-22,1096.3,1338830,1101.6,1103.5,1094.4
2016-01-25,1105.3,1488600,1097.8,1109.2,1097.6
2016-01-26,1120.6,895250,1109.4,1123.6,1107.7
2016-01-27,1116.3,1248650,1120.2,1128.7,1115.2
2016-01-28,1116.1,1460720,1115.7,1126.4,1110.2
2016-01-29,1116.4,1260230,1114.8,1118.9,1108.5
2016-02-01,1128.0,1097280,1118.0,1130.2,1115.3
2016-02-02,1127.2,1074440,1128.8,1131.5,1122.6
2016-02-03,1141.3,1810520,1129.4,1146.2,1124.8
2016-02-04,1157.5,1682590,1156.7,1157.9,1139.7
2016-02-05,1157.7,2060630,1155.7,1175.0,1145.5
2016-02-08,1197.9,2327000,1174.0,1201.4,1164.5
2016-02-09,1198.6,1801630,1189.4,1199.3,1185.9
2016-02-10,1194.6,1591030,1189.7,1198.1,1181.6
2016-02-11,1247.8,3455190,1197.5,1263.9,1196.3
2016-02-16,1208.2,3198920,1209.4,1236.3,1191.5
2016-02-17,1211.4,1568590,1201.9,1214.4,1196.2
2016-02-18,1226.3,1731770,1209.5,1240.6,1201.3
2016-02-19,1230.8,1684150,1231.2,1235.3,1220.6
2016-02-22,1210.1,1556260,1208.0,1226.9,1202.5
2016-02-23,1222.6,1758210,1208.9,1229.0,1207.6
2016-02-24,1239.1,2604220,1226.0,1254.3,1222.4
2016-02-25,1238.8,1992890,1228.9,1244.4,1221.8
2016-02-26,1220.4,2103510,1232.5,1241.3,1212.0
2016-02-29,1234.4,1744840,1223.1,1241.8,1216.3
2016-03-01,1230.8,2111750,1238.9,1249.3,1227.7
2016-03-02,1241.8,1750100,1232.3,1244.8,1225.1
2016-03-03,1258.2,2167160,1240.8,1269.3,1238.0
2016-03-04,1270.7,3514290,1264.6,1280.7,1250.1
2016-03-07,1264.0,2088600,1260.5,1274.1,1257.4
2016-03-08,1262.9,1983760,1267.9,1279.0,1261.0
2016-03-09,1257.4,2171050,1262.2,1265.7,1243.6
2016-03-10,1272.8,2949340,1253.7,1274.3,1237.5
2016-03-11,1259.4,2259240,1272.0,1287.8,1249.0
2016-03-14,1245.1,1980150,1250.9,1261.9,1229.9
2016-03-15,1231.0,1690670,1237.0,1238.7,1226.0
2016-03-16,1229.8,1956310,1233.1,1264.8,1227.0
2016-03-17,1265.0,1967090,1262.0,1271.9,1255.2
2016-03-18,1254.3,1523480,1257.7,1267.7,1248.4
2016-03-21,1244.2,1651300,1255.2,1256.7,1241.2
2016-03-22,1248.6,1781280,1244.3,1260.9,1242.8
2016-03-23,1225.6,2484060,1248.5,1249.8,1215.4
2016-03-24,1223.5,616130,1222.1,1225.6,1212.6
2016-03-28,1222.0,853860,1217.8,1225.1,1207.7
2016-03-29,1237.5,1935720,1223.1,1245.2,1217.0
2016-03-30,1228.6,1728010,1243.0,1246.8,1224.9
2016-03-31,1235.6,1171500,1227.0,1242.3,1225.1
2016-04-01,1223.5,1881790,1234.1,1237.2,1210.3
2016-04-04,1219.3,869000,1217.2,1224.1,1215.7
2016-04-05,1229.6,1487620,1217.1,1238.8,1216.0
2016-04-06,1223.8,1290320,1232.6,1233.8,1217.2
2016-04-07,1237.5,1797650,1224.0,1245.0,1224.0
2016-04-08,1243.8,1283330,1241.8,1244.6,1231.0
2016-04-11,1258.0,1512790,1241.8,1260.9,1241.6
2016-04-12,1260.9,1482960,1259.8,1264.7,1253.0
2016-04-13,1248.3,1504260,1257.2,1258.7,1241.4
2016-04-14,1226.5,1965670,1243.8,1245.9,1225.4
2016-04-15,1234.6,1155850,1228.5,1237.6,1226.8
2016-04-18,1235.0,1435400,1236.3,1243.3,1231.7
2016-04-19,1254.3,2005110,1233.9,1258.5,1229.0
2016-04-20,1254.4,1582710,1251.3,1259.8,1244.0
2016-04-21,1250.3,2619920,1244.5,1272.4,1244.4
2016-04-22,1230.0,1983880,1248.5,1254.2,1228.5
2016-04-25,1240.2,1146960,1234.5,1243.8,1231.3
2016-04-26,1243.4,1399820,1239.8,1246.5,1232.7
2016-04-27,1250.4,1671900,1245.7,1254.6,1240.7
2016-04-28,1266.4,2143560,1247.3,1271.7,1239.1
2016-04-29,1290.5,2496030,1268.0,1299.0,1267.0
2016-05-02,1295.8,1930920,1294.2,1306.0,1289.6
2016-05-03,1291.8,2092290,1293.4,1303.9,1284.0
2016-05-04,1274.4,2055060,1287.7,1291.8,1273.6
2016-05-05,1272.3,1688560,1281.2,1288.4,1270.6
2016-05-06,1294.0,2465210,1279.3,1297.7,1276.2
2016-05-09,1266.6,2134130,1288.8,1289.5,1262.8
2016-05-10,1264.8,1640240,1265.4,1272.0,1258.3
2016-05-11,1275.5,2155920,1267.3,1280.8,1266.3
2016-05-12,1271.2,2117570,1279.3,1282.5,1262.9
2016-05-13,1272.7,1676830,1264.8,1277.7,1264.0
2016-05-16,1274.2,1885090,1273.1,1290.4,1271.6
2016-05-17,1276.9,1968550,1274.9,1283.9,1270.1
2016-05-18,1274.4,2254800,1280.6,1283.5,1256.0
2016-05-19,1254.8,2460150,1259.1,1262.3,1244.6
2016-05-20,1252.9,1883830,1256.3,1261.2,1249.6
2016-05-23,1251.5,2068970,1251.7,1256.8,1243.5
2016-05-24,1232.2,2889260,1249.5,1252.8,1226.2
2016-05-25,1226.6,1052390,1230.0,1233.4,1220.6
2016-05-26,1222.7,1483620,1226.1,1237.2,1220.8
2016-05-31,1217.5,2273620,1208.1,1220.6,1201.5
2016-06-01,1214.7,1513110,1217.9,1222.9,1208.2
2016-06-02,1212.6,1062480,1215.9,1220.0,1212.0
2016-06-03,1242.9,2300350,1212.8,1247.4,1209.1
2016-06-06,1247.4,1572450,1245.5,1251.3,1242.1
2016-06-07,1247.0,1143370,1248.0,1249.0,1236.9
2016-06-08,1262.3,1672150,1247.0,1267.2,1245.5
2016-06-09,1272.7,1450870,1264.6,1274.4,1259.4
2016-06-10,1275.9,1511630,1271.5,1280.9,1267.3
2016-06-13,1286.9,1957340,1278.3,1290.3,1275.2
2016-06-14,1288.1,1825120,1286.2,1293.0,1278.6
2016-06-15,1288.3,1901370,1288.1,1300.0,1281.3
2016-06-16,1298.4,3313680,1295.0,1318.9,1280.1
2016-06-17,1294.8,2035500,1282.4,1302.7,1278.8
2016-06-20,1292.1,1860030,1293.0,1296.8,1280.8
2016-06-21,1272.5,1969940,1271.1,1297.4,1267.1
2016-06-22,1270.0,1271540,1271.4,1273.5,1263.8
2016-06-23,1263.1,1459960,1268.1,1274.9,1256.9
2016-06-24,1322.4,5272050,1254.3,1362.6,1252.8
2016-06-27,1324.7,2407340,1322.3,1340.0,1320.8
2016-06-28,1317.9,1831690,1328.3,1329.5,1308.2
2016-06-29,1326.9,1649740,1313.9,1331.0,1313.3
2016-06-30,1320.6,1828120,1321.0,1326.5,1315.3
2016-07-01,1339.0,638210,1345.0,1360.3,1338.5
2016-07-05,1358.7,3370020,1350.8,1360.3,1338.5
2016-07-06,1367.1,2262560,1358.0,1377.5,1356.3
2016-07-07,1362.1,2045140,1365.7,1372.9,1352.0
2016-07-08,1358.4,2871240,1361.0,1371.8,1336.3
2016-07-11,1356.6,2173750,1368.9,1376.5,1351.8
2016-07-12,1335.3,2462670,1356.3,1358.9,1331.0
2016-07-13,1332.2,1950910,1334.0,1346.3,1328.1
2016-07-14,1327.4,2513020,1344.5,1348.0,1320.4
2016-07-15,1327.4,1842430,1336.4,1339.5,1322.6
2016-07-18,1329.3,1594870,1333.4,1336.0,1323.5
2016-07-19,1332.3,1441230,1329.1,1335.5,1325.8
2016-07-20,1319.3,2122010,1332.2,1338.8,1312.5
2016-07-21,1331.0,2413510,1316.2,1334.0,1310.7
2016-07-22,1323.4,2115350,1331.4,1334.0,1319.4
2016-07-25,1319.5,1251050,1322.7,1323.4,1311.1
2016-07-26,1320.8,886580,1315.5,1324.4,1313.6
2016-07-27,1326.7,1609650,1319.9,1342.3,1315.6
2016-07-28,1332.3,1799840,1339.5,1344.3,1330.1
2016-07-29,1349.0,2149280,1333.2,1353.3,1325.8
2016-08-01,1359.6,1089340,1357.2,1361.9,1353.2
2016-08-02,1372.6,1546810,1360.6,1374.2,1353.7
2016-08-03,1364.7,1311230,1370.5,1373.4,1360.6
2016-08-04,1367.4,1589350,1364.7,1371.4,1355.1
2016-08-05,1344.4,2078280,1367.2,1371.0,1340.4
2016-08-08,1341.3,1262440,1341.2,1343.9,1335.3
2016-08-09,1346.7,1172800,1341.2,1348.5,1336.0
2016-08-10,1351.9,1840370,1347.0,1363.6,1345.7
2016-08-11,1350.0,1498800,1353.2,1359.4,1341.4
2016-08-12,1343.2,2279430,1344.7,1362.5,1338.3
2016-08-15,1347.5,1178000,1343.6,1349.1,1340.9
2016-08-16,1356.9,2137290,1345.2,1364.3,1344.8
2016-08-17,1348.8,1640910,1351.3,1356.8,1340.5
2016-08-18,1357.2,1631040,1353.8,1361.5,1351.2
2016-08-19,1346.2,1776820,1357.1,1357.9,1342.0
2016-08-22,1343.4,1485660,1345.0,1345.7,1335.4
2016-08-23,1346.1,1250070,1343.6,1348.8,1338.9
2016-08-24,1329.7,2078270,1342.2,1344.1,1327.0
2016-08-25,1324.6,1434680,1327.4,1330.2,1321.0
2016-08-26,1325.9,2923050,1324.8,1346.0,1321.2
2016-08-29,1327.1,1368510,1323.8,1328.5,1317.2
2016-08-30,1316.5,1493130,1327.0,1328.9,1312.0
2016-08-31,1311.4,1630050,1314.7,1319.2,1306.9
2016-09-01,1317.1,1671110,1311.7,1318.6,1305.5
2016-09-06,1349.2,2634090,1330.8,1357.2,1325.5
2016-09-07,1349.2,1424660,1353.5,1357.6,1346.9
2016-09-08,1341.6,1742460,1349.1,1353.9,1339.1
2016-09-09,1334.5,1518600,1341.6,1343.6,1331.2
2016-09-12,1325.6,1836910,1332.0,1333.8,1323.3
2016-09-13,1323.7,1734100,1331.7,1335.9,1318.8
2016-09-14,1326.1,1314240,1322.6,1329.8,1316.6
2016-09-15,1318.0,2000750,1325.8,1332.5,1312.1
2016-09-16,1310.2,1326420,1318.3,1321.5,1309.2
2016-09-19,1317.8,1111070,1313.2,1321.8,1312.6
2016-09-20,1318.2,876590,1316.3,1321.1,1315.2
2016-09-21,1331.4,2535630,1318.0,1341.3,1310.9
2016-09-22,1344.7,1524270,1338.9,1347.8,1335.1
2016-09-23,1341.7,1088330,1340.3,1344.5,1337.4
2016-09-26,1344.1,1203620,1340.8,1346.1,1336.5
2016-09-27,1330.4,1756930,1342.0,1343.5,1327.7
2016-09-28,1323.7,1438070,1330.1,1331.1,1321.1
2016-09-29,1326.0,1450790,1325.0,1329.4,1318.6
2016-09-30,1317.1,1984710,1323.6,1331.5,1316.0
2016-10-03,1312.7,1205030,1321.0,1322.6,1311.8
2016-10-04,1269.7,3277730,1315.0,1315.4,1269.0
2016-10-05,1268.6,2004160,1270.5,1279.4,1264.1
2016-10-06,1253.0,1765740,1269.7,1271.6,1251.8
2016-10-07,1251.9,2615300,1256.8,1267.6,1243.2
2016-10-10,1260.4,1282200,1258.5,1266.8,1258.5
2016-10-11,1255.9,1279710,1261.7,1264.0,1254.3
2016-10-12,1253.8,1223420,1254.5,1260.5,1251.2
2016-10-13,1257.6,1429280,1257.1,1263.9,1254.7
2016-10-14,1255.5,1619520,1259.5,1260.7,1246.9
2016-10-17,1256.6,1029910,1252.9,1258.2,1251.1
2016-10-18,1262.9,1413660,1256.0,1265.6,1255.9
2016-10-19,1269.9,1354140,1263.9,1274.4,1261.1
2016-10-20,1267.5,1309760,1270.6,1275.9,1265.5
2016-10-21,1267.7,978910,1266.5,1268.8,1261.7
2016-10-24,1263.7,1488230,1266.9,1272.8,1260.1
2016-10-25,1273.6,1322410,1265.2,1277.5,1262.4
2016-10-26,1266.6,1327960,1274.0,1277.2,1265.1
2016-10-27,1269.5,1233440,1267.2,1273.7,1265.2
2016-10-28,1276.8,2224890,1269.2,1285.4,1262.0
2016-10-31,1273.1,1154450,1278.3,1280.5,1271.9
2016-11-01,1288.0,1949760,1277.8,1292.9,1276.3
2016-11-02,1308.2,2240050,1289.0,1309.3,1288.4
2016-11-03,1303.3,2201640,1298.1,1308.0,1286.2
2016-11-04,1304.5,2029660,1303.2,1308.3,1295.7
2016-11-07,1279.4,2096680,1294.5,1296.5,1278.6
2016-11-08,1274.5,1949220,1282.2,1291.5,1273.3
2016-11-09,1273.5,7836570,1276.8,1338.3,1268.1
2016-11-10,1266.4,3927970,1278.4,1292.5,1251.9
2016-11-11,1224.3,4200690,1258.7,1265.0,1218.7
2016-11-14,1221.7,3326350,1227.7,1230.9,1211.0
2016-11-15,1224.5,2249700,1221.8,1231.4,1218.6
2016-11-16,1223.9,1901580,1228.0,1233.1,1221.0
2016-11-17,1216.9,2249530,1224.8,1231.1,1210.5
2016-11-18,1208.7,2440020,1216.0,1217.5,1201.3
2016-11-21,1209.8,1620470,1207.3,1217.8,1205.4
2016-11-22,1211.2,2017700,1213.5,1220.9,1205.6
2016-11-23,1192.4,34790,1188.2,1192.5,1185.2
2016-11-25,1181.0,899410,1184.4,1195.4,1172.8
2016-11-28,1193.8,1327800,1184.4,1200.0,1184.4
2016-11-29,1190.8,1958870,1196.6,1197.7,1182.6
2016-11-30,1173.9,2327480,1190.7,1196.8,1171.3
2016-12-01,1169.4,2161690,1175.1,1178.4,1162.2
2016-12-02,1177.8,1692240,1174.3,1180.3,1168.4
2016-12-05,1176.5,2122760,1182.6,1190.2,1158.6
2016-12-06,1170.1,1307140,1172.8,1177.1,1168.1
2016-12-07,1177.5,1379000,1171.4,1182.3,1167.2
2016-12-08,1172.4,1423630,1176.1,1180.7,1170.9
2016-12-09,1161.9,1544170,1172.5,1173.8,1157.6
2016-12-12,1165.8,1596390,1161.4,1167.9,1152.5
2016-12-13,1159.0,1360290,1164.5,1167.0,1156.3
2016-12-14,1163.7,2053260,1159.8,1168.0,1140.0
2016-12-15,1129.8,2628770,1143.8,1146.0,1124.3
2016-12-16,1137.4,1712850,1130.5,1143.2,1128.5
2016-12-19,1142.7,1125360,1136.1,1144.4,1135.5
2016-12-20,1133.6,1380580,1139.8,1141.7,1127.3
2016-12-21,1133.2,1096730,1134.0,1138.8,1131.0
2016-12-22,1133.6,708340,1130.0,1137.3,1129.5
2016-12-23,1133.6,708340,1130.0,1137.3,1129.5
2016-12-27,1138.8,1023660,1135.3,1151.7,1132.8
2016-12-28,1140.9,1001210,1139.3,1145.1,1137.1
2016-12-29,1158.1,1523230,1143.1,1160.6,1142.6
2016-12-30,1151.7,1386730,1159.5,1164.3,1150.3
2017-01-03,1162.0,2165370,1151.4,1166.0,1146.5
2017-01-04,1165.3,1721080,1159.6,1168.6,1156.7
2017-01-05,1181.3,2622240,1164.6,1185.9,1163.6
2017-01-06,1173.4,2177140,1181.0,1183.8,1171.1
2017-01-09,1184.9,1749890,1172.9,1186.4,1172.2
2017-01-10,1185.5,2158980,1181.3,1190.6,1180.2
2017-01-11,1196.6,3176950,1188.1,1198.5,1177.0
2017-01-12,1199.8,2601070,1191.1,1207.2,1190.7
2017-01-13,1196.2,282240,1194.8,1204.3,1187.5
2017-01-17,1212.9,3686720,1202.8,1218.9,1198.0
2017-01-18,1212.1,1952340,1216.8,1217.7,1201.8
2017-01-19,1201.5,2415300,1203.1,1206.4,1195.4
2017-01-20,1204.9,2360660,1204.8,1214.8,1198.2
2017-01-23,1215.6,2313810,1209.3,1219.4,1209.0
2017-01-24,1210.8,2119450,1218.0,1220.1,1206.2
2017-01-25,1200.5,802020,1211.5,1212.2,1195.3
2017-01-26,1192.5,944390,1204.1,1205.0,1186.6
2017-01-27,1191.1,1428520,1191.4,1193.8,1182.6
2017-01-30,1196.0,1853440,1194.6,1201.3,1190.0
2017-01-31,1211.4,2376440,1197.7,1217.4,1195.6
2017-02-01,1208.3,2113570,1212.2,1215.0,1199.7
2017-02-02,1219.4,2202090,1211.2,1227.5,1210.2
2017-02-03,1220.8,2107260,1217.8,1223.2,1208.3
2017-02-06,1232.1,1903790,1221.9,1237.5,1220.8
2017-02-07,1236.1,1926610,1236.9,1237.5,1229.2
2017-02-08,1239.5,2160440,1235.2,1246.6,1231.3
2017-02-09,1236.8,2342440,1242.7,1246.2,1226.1
2017-02-10,1235.9,2291610,1229.6,1238.9,1222.6
2017-02-13,1225.8,1682850,1234.2,1234.4,1220.3
2017-02-14,1225.4,2236870,1226.1,1236.0,1222.7
2017-02-15,1233.1,2205850,1228.6,1234.9,1217.5
2017-02-16,1241.6,1964670,1234.3,1243.7,1233.3
2017-02-17,1239.1,202470,1240.8,1245.1,1232.4
2017-02-21,1238.9,2456950,1239.3,1240.2,1226.8
2017-02-22,1233.3,1934310,1236.9,1241.9,1231.5
2017-02-23,1251.4,2502770,1238.3,1252.2,1236.4
2017-02-24,1258.3,2096600,1250.6,1261.2,1248.8
2017-02-27,1258.8,2014860,1258.9,1264.9,1251.5
2017-02-28,1253.9,2253690,1253.3,1259.3,1248.2
2017-03-01,1250.0,3008150,1248.5,1251.4,1237.2
2017-03-02,1232.9,2629030,1249.9,1250.8,1231.1
2017-03-03,1226.5,2689700,1234.8,1236.7,1223.0
2017-03-06,1225.5,1542750,1233.9,1237.3,1225.0
2017-03-07,1216.1,1956450,1225.7,1227.4,1214.1
2017-03-08,1209.4,2007920,1215.6,1218.5,1206.4
2017-03-09,1203.2,2260260,1207.7,1208.9,1199.0
2017-03-10,1201.4,2505140,1200.2,1206.2,1194.5
2017-03-13,1203.1,1684360,1205.0,1210.9,1202.0
2017-03-14,1202.6,1766530,1203.5,1207.5,1196.9
2017-03-15,1200.7,2564400,1198.7,1222.0,1196.8
2017-03-16,1227.1,2431370,1219.5,1234.0,1218.1
2017-03-17,1230.2,1469330,1226.2,1231.5,1224.0
2017-03-20,1234.0,1225590,1229.0,1235.5,1228.8
2017-03-21,1246.5,2780900,1234.2,1247.7,1226.6
2017-03-22,1249.7,2101810,1244.5,1251.5,1243.8
2017-03-23,1250.1,389550,1251.5,1256.4,1245.6
2017-03-24,1251.7,507280,1248.2,1255.0,1243.7
2017-03-27,1258.8,700550,1247.2,1264.2,1247.2
2017-03-28,1258.8,1106720,1257.1,1261.4,1250.5
2017-03-29,1256.8,1578580,1253.0,1257.5,1250.0
2017-03-30,1248.0,2111990,1256.1,1256.5,1244.2
2017-03-31,1251.2,1583810,1244.6,1252.8,1241.5
2017-04-03,1254.0,1357380,1251.9,1255.9,1246.4
2017-04-04,1258.4,1520430,1255.5,1263.7,1255.5
2017-04-05,1248.5,2264540,1258.2,1259.3,1245.4
2017-04-06,1253.3,1605100,1257.6,1260.9,1251.3
2017-04-07,1257.3,3654040,1253.9,1273.3,1252.4
2017-04-10,1253.9,1760840,1255.6,1258.9,1248.2
2017-04-11,1274.2,2794210,1256.8,1277.4,1254.7
2017-04-12,1278.1,2414370,1277.2,1289.0,1273.8
2017-04-13,1288.5,2290820,1288.3,1290.7,1283.8
2017-04-17,1291.9,1894440,1292.4,1297.4,1283.1
2017-04-18,1294.1,2726180,1286.7,1294.4,1280.6
2017-04-19,1283.4,2510240,1291.7,1292.7,1275.4
2017-04-20,1283.8,2376780,1282.2,1285.2,1278.0
2017-04-21,1289.1,2209900,1283.3,1290.1,1280.0
2017-04-24,1277.5,2872520,1280.0,1280.0,1266.0
2017-04-25,1267.2,2427910,1277.9,1279.9,1262.8
2017-04-26,1264.2,2339640,1265.5,1272.8,1260.7
2017-04-27,1265.9,2031620,1270.2,1271.1,1261.8
2017-04-28,1268.3,1662100,1265.2,1269.9,1264.2
2017-05-01,1255.5,1970230,1269.6,1272.4,1254.9
2017-05-02,1257.0,1714110,1257.4,1258.8,1252.6
2017-05-03,1248.5,2454960,1257.8,1257.8,1236.4
2017-05-04,1228.6,3058810,1238.5,1241.7,1225.7
2017-05-05,1226.9,2570190,1228.5,1236.0,1226.2
2017-05-08,1227.1,1883180,1223.1,1236.9,1221.0
2017-05-09,1216.1,2400630,1226.6,1228.7,1214.3
2017-05-10,1218.9,1858040,1222.1,1225.8,1217.5
2017-05-11,1224.2,2300750,1219.2,1227.7,1216.9
2017-05-12,1227.7,1895000,1225.0,1231.6,1224.4
2017-05-15,1230.0,1822390,1228.3,1237.4,1226.8
2017-05-16,1236.4,1971310,1230.8,1239.1,1230.0
2017-05-17,1258.7,3659670,1237.2,1261.5,1236.3
2017-05-18,1252.8,3614210,1261.4,1265.0,1245.7
2017-05-19,1253.6,2105690,1246.8,1256.4,1246.1
2017-05-22,1261.4,2018290,1257.5,1262.6,1251.6
2017-05-23,1255.5,2699820,1260.4,1263.8,1250.5
2017-05-24,1253.1,2340750,1251.1,1258.8,1247.6
2017-05-25,1259.8,629750,1261.6,1262.8,1256.9
2017-05-30,1265.7,2757240,1270.1,1273.4,1261.8
2017-05-31,1275.4,1935270,1265.7,1276.8,1262.0
2017-06-01,1270.1,1746110,1271.6,1272.8,1263.7
2017-06-02,1280.2,2575940,1268.0,1282.2,1261.3
2017-06-05,1282.7,1348540,1282.6,1286.0,1280.2
2017-06-06,1297.5,2430520,1282.5,1298.8,1282.1
2017-06-07,1293.2,2124800,1297.0,1297.6,1285.0
2017-06-08,1279.5,2474600,1289.5,1291.5,1273.5
2017-06-09,1271.4,2121900,1283.5,1284.6,1266.7
2017-06-12,1268.9,1684750,1269.7,1272.4,1265.6
2017-06-13,1268.6,1711640,1267.7,1271.0,1260.5
2017-06-14,1275.9,3372980,1268.4,1284.2,1259.0
2017-06-15,1254.6,2384700,1262.7,1268.5,1252.7
2017-06-16,1256.5,1452490,1255.6,1258.6,1253.2
2017-06-19,1246.7,1741830,1255.8,1257.3,1244.3
2017-06-20,1243.5,1720020,1245.4,1249.4,1242.4
2017-06-21,1245.8,1602360,1243.9,1248.8,1241.7
2017-06-22,1249.4,1821700,1246.4,1256.0,1246.4
2017-06-23,1256.4,1535290,1250.9,1260.0,1250.6
2017-06-26,1246.4,2191050,1258.1,1259.0,1236.5
2017-06-27,1246.9,2047210,1245.2,1253.8,1241.8
2017-06-28,1249.1,1881190,1247.3,1255.7,1246.7
2017-06-29,1245.8,2605900,1249.6,1253.2,1239.7
2017-06-30,1242.3,2100970,1245.2,1248.2,1239.0
2017-07-05,1221.7,3487990,1223.0,1228.4,1216.5
2017-07-06,1223.3,1858090,1226.5,1229.5,1221.8
2017-07-07,1209.7,3104830,1224.6,1228.1,1206.6
2017-07-10,1213.2,2334370,1212.1,1215.0,1204.0
2017-07-11,1214.7,2131210,1213.8,1217.1,1207.4
2017-07-12,1219.1,2541720,1216.5,1225.2,1212.5
2017-07-13,1217.3,2199000,1219.2,1223.6,1215.6
2017-07-14,1227.5,2583010,1216.4,1232.7,1214.0
2017-07-17,1233.7,1660960,1228.7,1235.4,1227.5
2017-07-18,1241.9,2452410,1233.3,1244.1,1232.2
2017-07-19,1242.0,1899800,1242.0,1243.5,1235.1
2017-07-20,1245.5,2632910,1240.6,1247.2,1234.6
2017-07-21,1261.0,510350,1250.8,1262.1,1249.5
2017-07-24,1260.7,616160,1261.4,1265.1,1258.1
2017-07-25,1258.5,613600,1261.9,1264.2,1255.1
2017-07-26,1255.6,921810,1256.2,1269.8,1249.4
2017-07-27,1266.5,1544120,1266.8,1271.3,1260.3
2017-07-28,1275.3,2412860,1265.0,1277.0,1263.2
2017-07-31,1273.4,1584640,1276.3,1277.3,1271.7
2017-08-01,1279.4,2063960,1275.6,1280.3,1268.4
2017-08-02,1278.4,2046290,1275.2,1279.0,1268.9
2017-08-03,1274.4,1986150,1272.6,1277.0,1262.9
2017-08-04,1264.6,2608340,1275.3,1276.5,1259.8
2017-08-07,1264.7,1200390,1264.3,1265.6,1261.3
2017-08-08,1262.6,2408640,1262.9,1271.0,1257.1
2017-08-09,1279.3,2809290,1266.1,1284.7,1265.9
2017-08-10,1290.1,2576510,1283.2,1293.8,1280.3
2017-08-11,1294.0,2593070,1292.5,1298.1,1286.7
2017-08-14,1290.4,2331060,1296.4,1296.4,1284.2
2017-08-15,1279.7,2786980,1287.0,1287.7,1272.7
2017-08-16,1282.9,2684540,1276.9,1289.5,1273.2
2017-08-17,1292.4,3160500,1290.0,1296.0,1286.4
2017-08-18,1291.6,3793520,1293.8,1306.9,1289.1
2017-08-21,1296.7,2543190,1289.1,1299.7,1286.2
2017-08-22,1291.0,2598060,1297.1,1298.1,1287.0
2017-08-23,1294.7,2267440,1290.4,1297.0,1287.9
2017-08-24,1292.0,2379980,1296.0,1296.8,1289.3
2017-08-25,1297.9,3502880,1291.3,1301.4,1281.3
2017-08-28,1315.3,3104890,1297.6,1317.8,1297.0
2017-08-29,1318.9,4441460,1320.5,1331.9,1310.6
2017-08-30,1314.1,3010910,1314.8,1319.3,1310.1
2017-08-31,1322.2,3591320,1314.1,1329.0,1302.3
2017-09-01,1330.4,529220,1339.7,1343.5,1330.4
2017-09-05,1344.5,5462800,1339.8,1349.7,1331.1
2017-09-06,1339.0,2975210,1345.0,1347.7,1336.4
2017-09-07,1350.3,3540090,1339.0,1355.5,1337.2
2017-09-08,1351.2,3772340,1354.0,1362.4,1347.1
2017-09-11,1335.7,2920490,1341.5,1344.6,1330.6
2017-09-12,1332.7,2811340,1331.7,1336.3,1326.7
2017-09-13,1328.0,2980240,1336.2,1340.5,1324.5
2017-09-14,1329.3,3276000,1327.6,1334.9,1319.5
2017-09-15,1325.2,3132450,1333.7,1338.2,1323.0
2017-09-18,1310.8,2597010,1324.0,1324.0,1308.1
2017-09-19,1310.6,2680370,1310.5,1315.3,1308.7
2017-09-20,1316.4,3436390,1314.7,1319.8,1299.5
2017-09-21,1294.8,3881180,1304.8,1305.0,1291.2
2017-09-22,1297.5,2564210,1294.1,1301.9,1294.1
2017-09-25,1311.5,3572940,1301.5,1315.8,1291.7
2017-09-26,1301.7,3767020,1314.2,1317.1,1295.0
2017-09-27,1287.8,3640840,1297.3,1299.2,1284.1
2017-09-28,1288.7,2799160,1285.1,1291.6,1280.4
2017-09-29,1284.8,2806710,1290.1,1293.2,1278.2
2017-10-02,1275.8,2673750,1282.2,1282.8,1272.0
2017-10-03,1274.6,2029510,1273.1,1277.4,1271.0
2017-10-04,1276.8,2663330,1274.5,1285.0,1273.1
2017-10-05,1273.2,2177740,1277.5,1281.6,1268.5
2017-10-06,1274.9,3615650,1270.6,1279.2,1262.8
2017-10-09,1285.0,1950580,1278.6,1288.0,1277.7
2017-10-10,1293.8,3084020,1286.8,1296.7,1284.6
2017-10-11,1288.9,2587820,1290.7,1295.9,1286.8
2017-10-12,1296.5,2399550,1294.6,1299.8,1291.8
2017-10-13,1304.6,2905490,1296.0,1306.4,1292.9
2017-10-16,1303.0,2658760,1306.0,1308.4,1292.5
2017-10-17,1286.2,3281450,1297.2,1298.4,1283.2
2017-10-18,1283.0,2502180,1286.9,1290.8,1278.6
2017-10-19,1290.0,3454190,1282.8,1292.8,1277.6
2017-10-20,1280.5,3088830,1292.0,1292.9,1279.3
2017-10-23,1280.9,2769230,1281.5,1284.7,1273.6
2017-10-24,1278.3,2620040,1283.9,1285.3,1274.8
2017-10-25,1279.0,3684540,1278.0,1281.3,1272.0
2017-10-26,1269.6,3775350,1278.6,1283.8,1266.4
2017-10-27,1271.8,3525150,1268.0,1275.2,1263.8
2017-10-30,1277.7,2539870,1274.3,1279.9,1269.8
2017-10-31,1270.5,2646130,1277.6,1279.1,1268.3
2017-11-01,1277.3,3765140,1271.8,1281.9,1268.5
2017-11-02,1278.1,3740630,1275.2,1285.1,1274.0
2017-11-03,1269.2,3615910,1277.5,1281.2,1265.9
2017-11-06,1281.6,3406580,1270.7,1283.9,1266.4
2017-11-07,1275.8,3279310,1282.6,1282.8,1272.3
2017-11-08,1283.7,3460770,1276.4,1288.1,1276.1
2017-11-09,1287.5,205590,1286.0,1287.7,1285.4
2017-11-10,1274.2,3422810,1286.0,1287.7,1273.6
2017-11-13,1278.9,2131870,1275.3,1279.9,1274.4
2017-11-14,1282.9,3421500,1278.9,1283.8,1269.7
2017-11-15,1277.7,4172510,1280.7,1290.0,1276.5
2017-11-16,1278.2,2680210,1278.0,1281.8,1274.9
2017-11-17,1296.5,3680940,1278.8,1297.5,1278.1
2017-11-20,1275.3,3995520,1294.1,1295.1,1274.1
2017-11-21,1281.7,3154630,1276.6,1284.5,1275.8
2017-11-24,1291.8,833750,1296.1,1297.6,1289.5
2017-11-27,1298.9,1437910,1292.0,1303.4,1290.7
2017-11-28,1299.2,2242460,1298.8,1301.3,1294.5
2017-11-29,1286.2,3707990,1298.0,1300.4,1285.1
2017-11-30,1276.7,3317290,1286.9,1288.4,1273.1
2017-12-01,1282.3,4213440,1277.9,1292.5,1274.2
2017-12-04,1277.7,2502460,1277.6,1280.5,1273.5
2017-12-05,1264.9,3114930,1279.1,1279.8,1263.2
2017-12-06,1266.1,2395090,1268.3,1271.8,1264.8
2017-12-07,1253.1,3054300,1265.2,1266.8,1245.8
2017-12-08,1248.4,2702930,1249.5,1254.4,1244.4
2017-12-11,1246.9,1850280,1249.2,1253.4,1242.4
2017-12-12,1241.7,2168310,1243.9,1247.9,1238.3
2017-12-13,1248.6,2960220,1246.3,1259.7,1242.3
2017-12-14,1257.1,2524410,1258.1,1261.6,1252.8
2017-12-15,1257.5,2309590,1255.5,1264.5,1255.2
2017-12-18,1265.5,2028340,1257.8,1267.0,1255.3
2017-12-19,1264.2,1966460,1265.4,1268.6,1262.3
2017-12-20,1269.6,1986700,1264.8,1271.4,1264.4
2017-12-21,1270.6,1889320,1268.8,1272.5,1266.0
2017-12-22,1278.8,1803140,1270.3,1280.4,1268.4
2017-12-26,1287.5,1309810,1279.0,1288.4,1277.7
2017-12-27,1291.4,1932170,1287.8,1293.2,1286.0
2017-12-28,1297.2,2136240,1292.0,1297.3,1290.5
2017-12-29,1309.3,2267140,1297.5,1309.8,1296.1
2018-01-02,1316.1,2690720,1305.3,1320.4,1304.6
2018-01-03,1318.5,3428660,1319.0,1323.0,1308.9
2018-01-04,1321.6,3508030,1315.5,1327.3,1307.1
2018-01-05,1322.3,3224220,1324.4,1324.7,1314.6
2018-01-08,1320.4,2383320,1321.8,1323.0,1315.7
2018-01-09,1313.7,3216360,1321.2,1321.4,1309.5
2018-01-10,1319.3,3826050,1313.3,1328.6,1308.9
2018-01-11,1322.5,2545410,1317.5,1324.7,1316.1
2018-01-12,1334.9,446510,1337.3,1342.4,1334.9
2018-01-16,1337.1,4721550,1340.9,1345.0,1332.1
2018-01-17,1339.2,3583120,1339.0,1344.5,1326.6
2018-01-18,1327.2,3050930,1327.4,1333.3,1324.3
2018-01-19,1333.1,2680770,1327.0,1338.2,1326.6
2018-01-22,1331.9,3250080,1334.0,1335.8,1328.0
2018-01-23,1336.7,3547860,1333.0,1341.5,1330.7
2018-01-24,1361.4,1477490,1346.2,1366.8,1344.1
2018-01-25,1368.0,1409150,1362.7,1370.5,1346.2
2018-01-26,1357.2,1399460,1352.7,1361.0,1348.6
2018-01-29,1345.1,2245530,1353.7,1356.3,1340.9
2018-01-30,1340.0,3948870,1344.0,1352.5,1337.5
2018-01-31,1343.1,3650630,1341.8,1351.0,1335.5
2018-02-01,1347.9,3011150,1348.2,1354.3,1340.2
2018-02-02,1337.3,4165130,1352.2,1353.3,1330.1
2018-02-05,1336.5,2989500,1334.6,1344.8,1331.6
2018-02-06,1329.5,4573630,1343.1,1349.3,1322.8
2018-02-07,1314.6,3356800,1326.6,1334.8,1313.5
2018-02-08,1319.0,3491230,1320.7,1324.5,1309.0
2018-02-09,1315.7,3069800,1321.0,1325.0,1313.2
2018-02-12,1326.4,2032830,1317.1,1330.0,1316.3
2018-02-13,1330.4,1929980,1325.0,1333.5,1323.7
2018-02-14,1358.0,4052620,1331.9,1358.6,1319.1
2018-02-15,1355.3,2515370,1353.0,1359.8,1350.8
2018-02-16,1356.2,214890,1350.2,1356.2,1349.5
2018-02-20,1331.2,3575200,1348.9,1354.0,1330.6
2018-02-21,1332.1,2442410,1331.2,1338.5,1324.4
2018-02-22,1332.7,2019720,1326.2,1334.4,1322.9
2018-02-23,1330.3,1650520,1333.7,1334.2,1327.7
2018-02-26,1332.8,2379050,1330.4,1342.9,1328.0
2018-02-27,1315.5,7100,1331.7,1332.6,1312.7
2018-02-28,1317.9,2512630,1318.9,1323.7,1316.7
2018-03-01,1305.2,3956510,1319.3,1322.3,1303.6
2018-03-02,1323.4,2561120,1318.0,1326.6,1316.2
2018-03-05,1319.9,2154680,1324.9,1328.9,1318.3
2018-03-06,1335.2,2696910,1321.0,1339.9,1320.8
2018-03-07,1327.6,2972810,1339.5,1342.0,1323.0
2018-03-08,1321.7,2418110,1326.2,1329.8,1319.6
2018-03-09,1324.0,3365710,1322.7,1325.9,1313.2
2018-03-12,1320.8,2143920,1324.1,1325.0,1315.3
2018-03-13,1327.1,3217900,1323.3,1328.8,1313.8
2018-03-14,1325.6,2470270,1326.7,1330.5,1321.7
2018-03-15,1317.8,2417460,1324.7,1328.1,1314.9
2018-03-16,1312.3,2775680,1316.8,1321.8,1309.5
2018-03-19,1317.8,2839440,1312.9,1319.6,1307.4
2018-03-20,1311.9,2811460,1316.5,1318.1,1306.6
2018-03-21,1321.5,4512370,1310.6,1336.9,1309.5
2018-03-22,1333.2,701210,1338.0,1340.8,1330.3
2018-03-23,1355.7,1248000,1335.5,1356.3,1334.7
2018-03-26,1360.9,1870730,1350.6,1361.8,1349.2
2018-03-27,1347.9,241590,1351.1,1352.2,1347.9
2018-03-28,1330.0,3583190,1351.1,1352.2,1327.7
2018-03-29,1327.3,2353480,1329.3,1332.6,1325.4
2018-04-02,1352.9,49790,1336.3,1355.1,1335.1
2018-04-03,1337.3,2766540,1345.0,1346.6,1332.7
2018-04-04,1340.2,3348860,1336.7,1352.5,1335.2
2018-04-05,1328.5,2662430,1337.1,1338.7,1326.0
2018-04-06,1336.1,3611810,1329.7,1339.1,1322.6
2018-04-09,1340.1,2220380,1338.0,1341.5,1330.1
2018-04-10,1345.9,2781380,1339.8,1346.2,1334.2
2018-04-11,1360.0,4675410,1343.1,1369.4,1342.5
2018-04-12,1341.9,3746720,1356.3,1356.7,1336.7
2018-04-13,1347.9,2539370,1337.6,1350.3,1335.5
2018-04-16,1350.7,2583820,1349.8,1353.5,1342.8
2018-04-17,1349.5,2677440,1349.1,1352.2,1340.2
2018-04-18,1353.5,2987490,1350.4,1359.0,1345.0
2018-04-19,1348.8,3255440,1352.4,1357.7,1343.2
2018-04-20,1338.3,2698290,1348.5,1348.9,1337.0
2018-04-23,1324.0,2765920,1336.2,1337.6,1323.8
2018-04-24,1333.0,2677070,1326.1,1334.5,1323.6
2018-04-25,1322.8,2566590,1332.0,1333.8,1320.2
2018-04-26,1317.9,2858470,1324.2,1328.0,1316.2
2018-04-27,1323.4,2327240,1318.0,1326.4,1315.8
2018-04-30,1319.2,2874380,1324.0,1325.9,1310.7
2018-05-01,1306.8,2673360,1316.0,1317.4,1302.3
2018-05-02,1305.6,3508400,1304.4,1314.9,1304.3
2018-05-03,1312.7,2972400,1305.5,1319.0,1305.2
2018-05-04,1314.7,2998090,1312.8,1316.9,1308.5
2018-05-07,1314.1,2304260,1316.3,1320.1,1310.6
2018-05-08,1313.7,3982680,1314.1,1318.5,1306.2
2018-05-09,1313.0,3724910,1315.3,1317.8,1304.2
2018-05-10,1322.3,3624910,1312.8,1323.4,1310.6
2018-05-11,1320.7,2599230,1321.8,1326.3,1317.0
2018-05-14,1318.2,2358920,1318.3,1322.4,1312.8
2018-05-15,1290.3,4618310,1313.2,1314.7,1288.2
2018-05-16,1291.5,3211970,1290.1,1296.4,1285.7
2018-05-17,1289.4,2896780,1290.2,1294.0,1284.0
2018-05-18,1291.3,2549230,1290.0,1293.7,1285.1
2018-05-21,1290.9,3137550,1290.3,1292.7,1281.2
2018-05-22,1297.4,421540,1298.2,1301.3,1292.8
2018-05-23,1294.8,616160,1295.9,1303.8,1292.0
2018-05-24,1309.8,996860,1298.0,1311.8,1297.4
2018-05-25,1309.0,611950,1305.7,1309.0,1299.9
2018-05-29,1304.1,3482900,1302.2,1311.3,1296.6
2018-05-30,1306.5,3201220,1303.1,1308.8,1300.0
2018-05-31,1304.7,2931320,1306.0,1311.5,1301.0
2018-06-01,1299.3,3083940,1303.0,1304.8,1293.1
2018-06-04,1297.3,2094430,1296.7,1302.3,1293.8
2018-06-05,1302.2,2577700,1296.4,1304.8,1293.5
2018-06-06,1301.4,2393910,1300.6,1306.1,1297.7
2018-06-07,1303.0,2393020,1300.9,1307.8,1299.0
2018-06-08,1302.7,2113350,1301.3,1304.8,1296.0
2018-06-11,1303.2,2063330,1303.5,1307.0,1297.8
2018-06-12,1299.4,2274020,1304.5,1304.8,1296.3
2018-06-13,1301.3,2548370,1299.6,1305.2,1294.5
2018-06-14,1308.3,3321120,1303.1,1313.0,1301.0
2018-06-15,1278.5,4953640,1305.9,1306.7,1277.9
2018-06-18,1280.1,1807720,1281.1,1284.9,1279.5
2018-06-19,1278.6,2729420,1280.7,1286.8,1272.6
2018-06-20,1274.5,2233230,1277.3,1278.6,1269.6
2018-06-21,1270.5,2684810,1269.7,1272.3,1262.4
2018-06-22,1270.7,1771990,1268.6,1273.1,1268.4
2018-06-25,1268.9,1912580,1272.2,1274.4,1265.5
2018-06-26,1259.9,2439180,1267.3,1269.4,1256.4
2018-06-27,1256.1,2500080,1260.5,1261.9,1252.2
2018-06-28,1251.0,2349810,1253.6,1255.8,1247.2
2018-06-29,1254.5,2210770,1249.5,1257.1,1246.9
2018-07-02,1241.7,2515330,1253.4,1255.6,1240.6
2018-07-03,1253.5,1456780,1253.5,1262.4,1238.8
2018-07-05,1258.8,3724680,1257.7,1262.4,1252.2
2018-07-06,1255.8,1957500,1258.4,1260.2,1253.7
2018-07-09,1259.6,2317240,1255.7,1266.9,1255.7
2018-07-10,1255.4,2667480,1258.5,1261.0,1247.7
2018-07-11,1244.4,2935550,1256.7,1257.3,1241.7
2018-07-12,1246.6,2161040,1242.3,1248.8,1241.4
2018-07-13,1241.2,2486620,1247.7,1248.5,1236.2
2018-07-16,1239.7,1789080,1241.0,1245.8,1238.3
2018-07-17,1227.3,3042510,1240.8,1245.1,1225.9
2018-07-18,1227.9,2721260,1227.0,1229.1,1220.9
2018-07-19,1224.0,4140220,1227.3,1229.6,1210.7
2018-07-20,1231.1,3422150,1222.9,1232.4,1215.3
2018-07-23,1234.4,751220,1240.7,1244.7,1231.1
2018-07-24,1234.6,644510,1233.4,1238.6,1227.0
2018-07-25,1241.0,555390,1233.3,1243.4,1232.5
2018-07-26,1235.3,990960,1240.8,1244.6,1231.3
2018-07-27,1232.7,1509030,1231.4,1236.5,1226.3
2018-07-30,1231.5,1786040,1231.1,1234.1,1227.8
2018-07-31,1233.6,2876490,1230.5,1237.8,1222.6
2018-08-01,1227.6,2100760,1232.7,1233.7,1224.4
2018-08-02,1210.6,4110,1214.7,1219.3,1205.8
2018-08-03,1223.2,2723860,1216.0,1228.5,1212.5
2018-08-06,1208.6,2970,1214.4,1214.4,1206.6
2018-08-07,1218.3,1996910,1215.8,1224.3,1215.6
2018-08-08,1221.0,2557060,1218.7,1223.8,1213.6
2018-08-09,1219.9,2251660,1222.0,1225.6,1218.4
2018-08-10,1219.0,3176570,1220.0,1224.9,1213.1
2018-08-13,1198.9,3630690,1218.4,1221.4,1198.6
2018-08-14,1193.0,920,1193.1,1197.5,1192.8
2018-08-15,1185.0,3640390,1201.5,1202.0,1180.0
2018-08-16,1184.0,3536660,1183.0,1189.0,1167.1
2018-08-17,1184.2,2466950,1180.7,1192.0,1178.5
2018-08-20,1194.6,1999640,1190.4,1197.7,1189.6
2018-08-21,1200.0,2111490,1197.3,1204.3,1194.3
2018-08-22,1203.3,2273670,1203.0,1208.4,1199.2
2018-08-23,1194.0,2261930,1202.8,1203.4,1190.2
2018-08-24,1213.3,2865190,1191.6,1215.4,1189.5
2018-08-27,1216.0,2051400,1214.5,1218.8,1209.3
2018-08-28,1207.4,1360,1209.7,1217.0,1202.3
2018-08-29,1211.5,2357210,1206.6,1213.7,1206.6
2018-08-30,1205.0,2763690,1212.6,1214.0,1202.1
2018-08-31,1206.7,1177500,1206.3,1209.7,1201.2
2018-09-04,1199.1,4027040,1207.0,1209.7,1195.1
2018-09-05,1201.3,2035750,1197.2,1204.2,1196.4
2018-09-06,1204.3,2788510,1202.5,1212.7,1200.5
2018-09-07,1200.4,2723240,1205.6,1209.0,1198.7
2018-09-10,1199.8,2072440,1200.7,1203.8,1196.2
2018-09-11,1202.2,2533260,1200.4,1204.8,1192.7
2018-09-12,1210.9,2922750,1203.5,1213.9,1197.6
2018-09-13,1208.2,2956580,1212.4,1218.0,1205.0
2018-09-14,1201.1,2760040,1206.6,1213.8,1197.7
2018-09-17,1205.8,2057610,1199.8,1209.7,1197.5
2018-09-18,1202.9,2230800,1206.4,1208.2,1200.3
2018-09-20,1211.3,2326930,1208.8,1213.2,1205.1
2018-09-21,1201.3,3333690,1212.1,1215.8,1196.0
2018-09-24,1204.4,2071220,1204.0,1208.8,1198.6
2018-09-25,1205.1,1921090,1203.1,1207.9,1201.3
2018-09-26,1199.1,3304810,1205.5,1206.9,1194.6
2018-09-27,1182.3,49470,1194.6,1197.3,1180.5
2018-09-28,1196.2,3009280,1186.8,1198.0,1184.3
2018-10-01,1191.7,2136170,1196.1,1196.5,1188.1
2018-10-02,1207.0,3502400,1192.7,1212.3,1192.2
2018-10-03,1202.9,2468320,1207.0,1212.3,1200.4
2018-10-04,1201.6,2803140,1201.4,1210.7,1199.6
2018-10-05,1205.6,2502190,1203.7,1209.8,1200.9
2018-10-08,1184.4,2500,1201.0,1201.0,1183.7
2018-10-09,1191.5,2369410,1192.2,1195.8,1186.6
2018-10-10,1193.4,2431180,1192.7,1198.6,1188.5
2018-10-11,1227.6,5030850,1197.9,1230.0,1194.7
2018-10-12,1222.0,3093920,1227.7,1228.1,1219.3
2018-10-15,1226.4,1360,1222.4,1232.3,1222.4
2018-10-16,1231.0,2333930,1230.5,1235.9,1226.3
2018-10-17,1227.4,2282070,1228.0,1232.9,1223.7
2018-10-18,1230.1,2391330,1225.5,1233.6,1221.7
2018-10-19,1228.7,1886480,1228.6,1234.1,1226.2
2018-10-22,1224.6,1801320,1230.5,1232.6,1222.8
2018-10-23,1236.8,2763250,1225.1,1243.0,1224.5
2018-10-24,1231.1,2042890,1233.8,1238.0,1228.3
2018-10-25,1232.4,2527800,1236.6,1242.0,1230.5
2018-10-26,1235.8,3048960,1234.7,1246.0,1232.5
2018-10-29,1227.6,2252040,1236.4,1237.6,1226.1
2018-10-30,1225.3,2186240,1231.9,1232.5,1221.4
2018-10-31,1215.0,2318550,1224.7,1225.0,1213.4
2018-11-01,1238.6,2932510,1216.6,1239.3,1216.1
2018-11-02,1233.3,2495870,1235.3,1238.4,1231.3
2018-11-05,1232.3,1572530,1234.5,1236.8,1228.4
2018-11-06,1226.3,1886600,1233.4,1237.8,1224.9
2018-11-07,1228.7,2520720,1228.9,1238.4,1224.2
2018-11-08,1225.1,2296140,1227.7,1228.5,1220.8
2018-11-09,1208.6,3064620,1224.3,1224.6,1207.2
2018-11-13,1199.2,50,1196.3,1201.3,1196.3
2018-11-14,1210.1,2687880,1202.8,1217.2,1198.1
2018-11-15,1215.0,2349660,1211.8,1217.0,1207.1
2018-11-16,1223.0,2373670,1214.4,1226.0,1213.7
2018-11-19,1225.3,1899070,1222.6,1226.5,1218.5
2018-11-20,1221.2,2458880,1224.6,1229.5,1220.3
2018-11-23,1223.2,2349080,1227.8,1229.7,1220.3
2018-11-26,1228.7,1416460,1230.4,1234.5,1228.0
2018-11-27,1219.9,1326940,1228.5,1231.7,1217.8
2018-11-28,1229.8,1995180,1220.9,1233.8,1216.8
2018-11-29,1230.4,2296280,1227.1,1234.9,1226.7
2018-11-30,1226.0,1587630,1229.9,1231.1,1221.8
2018-12-03,1239.6,2338160,1227.8,1240.4,1226.6
2018-12-04,1246.6,2145140,1236.3,1247.5,1235.8
2018-12-05,1242.6,1042830,1244.6,1244.8,1238.7
2018-12-06,1243.6,2388600,1243.0,1249.9,1240.0
2018-12-07,1252.6,2154140,1243.1,1255.8,1242.6
2018-12-10,1249.4,1909570,1255.6,1256.6,1246.9
2018-12-11,1247.2,1760250,1249.8,1255.1,1245.8
2018-12-12,1250.0,1444620,1248.3,1252.6,1247.1
2018-12-13,1247.4,1484960,1250.7,1251.7,1244.4
2018-12-14,1241.4,1836250,1246.2,1247.3,1236.5
2018-12-17,1251.8,1565080,1242.8,1252.2,1239.4
2018-12-18,1253.6,1643610,1249.7,1254.5,1249.0
2018-12-19,1256.4,2613310,1253.5,1262.2,1245.3
2018-12-20,1267.9,3038140,1247.0,1270.3,1246.2
2018-12-21,1258.1,2000240,1263.5,1266.2,1257.1
2018-12-24,1271.8,1304550,1260.7,1273.9,1260.0
2018-12-26,1273.0,1981750,1273.5,1282.3,1267.4
2018-12-27,1281.1,2007170,1270.1,1281.6,1269.1
2018-12-28,1283.0,1553540,1278.0,1284.7,1276.5
2018-12-31,1281.3,1089130,1283.0,1286.5,1279.7
2019-01-02,1284.1,2225780,1285.0,1291.0,1280.6
2019-01-03,1294.8,2295320,1288.5,1296.9,1286.4
2019-01-04,1285.8,2990760,1296.5,1300.4,1278.1
2019-01-07,1289.9,1971760,1287.0,1297.0,1284.1
2019-01-08,1285.9,2064390,1289.9,1291.4,1280.2
2019-01-09,1292.0,2324910,1286.1,1295.0,1280.9
2019-01-10,1287.4,2279420,1294.7,1298.0,1286.7
2019-01-11,1289.5,2003930,1287.6,1295.7,1287.0
2019-01-15,1288.4,2296240,1292.4,1294.8,1286.5
2019-01-16,1293.8,1732840,1289.6,1295.4,1287.6
2019-01-17,1292.3,1882410,1293.9,1295.0,1288.3
2019-01-18,1282.6,1008260,1280.7,1283.0,1276.0
2019-01-22,1283.4,3077040,1279.1,1285.0,1276.0
2019-01-23,1290.2,608190,1290.8,1292.1,1284.0
2019-01-24,1285.9,687840,1288.3,1290.0,1281.5
2019-01-25,1304.2,878780,1286.0,1309.3,1284.8
2019-01-28,1309.3,1228690,1308.5,1309.8,1302.7
2019-01-29,1315.2,1717690,1308.5,1317.1,1307.8
2019-01-30,1315.5,2625390,1317.0,1328.6,1313.5
2019-01-31,1325.2,2155520,1325.4,1331.1,1322.2
2019-02-01,1322.1,1929240,1326.0,1328.2,1320.6
2019-02-04,1319.3,1476990,1322.6,1323.6,1312.7
2019-02-05,1319.2,1227580,1316.8,1321.0,1314.8
2019-02-06,1314.4,1332440,1319.4,1319.9,1309.6
2019-02-07,1314.2,1597280,1310.9,1315.8,1306.4
2019-02-08,1318.5,1318640,1314.3,1319.5,1311.5
2019-02-11,1307.0,1190,1313.4,1313.4,1304.7
2019-02-12,1314.0,1441190,1311.6,1318.3,1310.0
2019-02-13,1310.8,1430,1311.6,1316.0,1308.1
2019-02-14,1313.9,2194850,1309.6,1317.4,1304.7
2019-02-19,1344.8,3343250,1329.2,1345.0,1323.8
2019-02-20,1347.9,2352910,1343.9,1349.8,1339.8
2019-02-21,1327.8,2773890,1341.7,1344.3,1323.3
2019-02-22,1332.8,2367370,1325.8,1335.6,1323.8
2019-02-25,1329.5,1763220,1331.9,1334.9,1327.3
2019-02-26,1328.5,1792920,1329.9,1332.4,1325.5
2019-02-27,1317.7,6040,1327.7,1327.9,1316.5
2019-02-28,1316.1,2388040,1321.7,1328.9,1314.0
2019-03-01,1299.2,3287800,1315.5,1316.5,1291.3
2019-03-04,1287.5,2536310,1294.4,1298.1,1283.8
2019-03-05,1284.7,2076400,1287.8,1290.6,1282.0
2019-03-06,1287.6,1871950,1288.8,1291.8,1284.3
2019-03-07,1286.1,2461030,1287.3,1289.6,1280.8
2019-03-08,1299.3,2708050,1286.7,1301.3,1285.6
2019-03-11,1291.1,1873050,1298.2,1299.2,1290.6
2019-03-13,1309.3,2042460,1301.8,1311.6,1300.6
2019-03-14,1293.4,10,1293.4,1293.4,1293.4
2019-03-15,1302.9,2246850,1295.6,1306.3,1293.7
2019-03-18,1301.5,1725610,1302.0,1306.7,1298.0
2019-03-19,1306.5,2030290,1303.7,1310.8,1302.1
2019-03-21,1313.6,598290,1318.6,1326.3,1309.1
2019-03-22,1318.7,787160,1315.4,1320.9,1312.8
2019-03-25,1329.0,839490,1319.7,1330.8,1317.0
2019-03-26,1321.4,1197760,1328.3,1329.3,1318.5
2019-03-27,1316.9,1970670,1321.7,1325.2,1313.7
2019-03-28,1295.3,4070790,1315.0,1317.6,1293.3
2019-03-29,1298.5,2603810,1295.0,1304.6,1291.3
2019-04-01,1294.2,2298960,1297.2,1301.7,1291.0
2019-04-02,1295.4,1906670,1292.2,1297.1,1289.5
2019-04-03,1295.3,1864200,1296.9,1299.0,1292.7
2019-04-04,1294.3,2503060,1294.4,1298.7,1284.9
2019-04-05,1295.6,2276170,1296.5,1297.8,1288.3
2019-04-08,1297.1,630,1292.2,1302.1,1291.8
2019-04-09,1308.3,1966700,1301.6,1310.4,1300.6
2019-04-10,1313.9,2129490,1308.2,1314.7,1304.7
2019-04-11,1293.3,3111010,1312.4,1313.1,1292.9
2019-04-12,1295.2,1851770,1295.8,1299.1,1293.2
2019-04-15,1291.3,2222090,1294.0,1295.2,1285.3
2019-04-16,1277.2,3088660,1290.8,1291.7,1275.5
2019-04-17,1276.8,2099650,1279.5,1282.1,1275.2
2019-04-18,1276.0,2196950,1276.2,1279.7,1273.0
2019-04-22,1277.6,1333270,1278.0,1281.9,1275.7
2019-04-23,1273.2,2713770,1277.0,1278.5,1267.9
2019-04-24,1279.4,2359660,1274.4,1280.7,1270.5
2019-04-25,1279.7,2305430,1277.9,1284.8,1275.2
2019-04-26,1288.8,2680330,1279.1,1290.9,1276.0
2019-04-29,1281.5,1992970,1289.0,1289.1,1279.9
2019-04-30,1282.8,1140,1281.7,1283.3,1280.8
2019-05-01,1284.2,2699440,1285.2,1289.4,1274.5
2019-05-02,1272.0,2738950,1278.5,1279.4,1267.3
2019-05-03,1281.3,2693530,1271.6,1283.9,1269.0
2019-05-06,1283.8,2406720,1281.8,1287.4,1278.1
2019-05-07,1285.6,2415020,1282.4,1287.3,1279.1
2019-05-08,1281.4,2882970,1285.6,1292.8,1280.2
2019-05-09,1285.2,2968150,1281.9,1289.2,1280.4
2019-05-10,1287.4,2272370,1285.0,1290.3,1283.9
2019-05-13,1301.8,3624800,1288.3,1302.2,1282.4
2019-05-14,1296.3,2150090,1300.8,1304.2,1294.3
2019-05-15,1297.8,2410400,1298.0,1301.7,1293.6
2019-05-16,1286.2,2569060,1297.7,1299.3,1284.2
2019-05-17,1275.7,2551250,1287.2,1289.0,1274.6
2019-05-20,1277.3,2062700,1277.6,1278.8,1273.3
2019-05-21,1273.2,2049840,1277.7,1277.7,1269.0
2019-05-22,1274.2,1864040,1274.4,1277.1,1272.0
2019-05-23,1291.0,716300,1278.5,1292.5,1277.5
2019-05-24,1289.2,236850,1289.2,1292.6,1288.9
2019-05-28,1282.5,2070530,1290.5,1292.6,1280.8
2019-05-29,1286.3,1946960,1284.3,1290.3,1283.8
2019-05-30,1287.1,555730,1279.4,1288.3,1273.9
2019-05-31,1311.1,3221760,1293.2,1311.9,1292.5
2019-06-03,1327.9,3470540,1312.5,1333.0,1310.9
2019-06-04,1323.4,3020,1324.3,1328.6,1320.8
2019-06-05,1333.6,3918800,1330.2,1348.9,1329.3
2019-06-06,1342.7,2524640,1336.1,1344.2,1331.3
2019-06-07,1346.1,3140480,1339.7,1352.7,1334.3
2019-06-10,1329.3,2205330,1341.2,1341.7,1329.0
2019-06-11,1331.2,2041790,1331.8,1333.8,1323.6
2019-06-12,1336.8,2269290,1330.6,1342.3,1329.8
2019-06-13,1343.7,1978760,1337.8,1347.0,1335.9
2019-06-14,1344.5,3460860,1346.5,1362.2,1341.4
2019-06-17,1342.9,2308330,1345.5,1347.1,1336.6
2019-06-18,1350.7,3648390,1343.9,1358.5,1342.1
2019-06-19,1348.8,3207200,1350.4,1366.6,1344.8
2019-06-20,1396.9,5117670,1364.5,1397.7,1361.3
2019-06-21,1400.1,4966450,1391.2,1415.4,1386.1
2019-06-24,1418.2,3599310,1403.9,1425.1,1403.6
2019-06-25,1418.7,6183090,1423.4,1442.9,1415.1
2019-06-26,1411.6,840,1407.2,1413.3,1405.8
2019-06-27,1412.0,3245560,1412.7,1415.3,1401.4
2019-06-28,1409.7,2979640,1413.3,1427.8,1408.6
2019-07-01,1385.6,2140,1386.6,1395.8,1382.8
2019-07-02,1408.0,3722030,1386.2,1424.0,1386.2
2019-07-03,1420.9,1188320,1421.6,1424.4,1412.7
2019-07-05,1400.1,5555640,1418.8,1426.8,1388.6
2019-07-08,1400.0,3039060,1401.0,1409.9,1393.8
2019-07-09,1400.5,2760080,1397.9,1402.4,1387.5
2019-07-10,1412.5,4264380,1400.0,1421.1,1391.8
2019-07-11,1406.7,3807650,1421.1,1429.4,1402.7
2019-07-12,1412.2,2720920,1406.2,1418.9,1404.5
2019-07-15,1413.5,2312660,1417.7,1421.6,1409.3
2019-07-16,1411.2,3271800,1416.4,1420.0,1402.1
2019-07-18,1428.1,4677730,1428.5,1449.7,1415.6
2019-07-19,1426.7,5091380,1448.3,1454.4,1421.1
2019-07-22,1426.9,2476080,1428.5,1430.8,1423.0
2019-07-23,1421.7,3801160,1426.0,1431.4,1414.6
2019-07-24,1436.5,652180,1431.0,1442.9,1429.4
2019-07-25,1427.5,1129020,1439.3,1447.0,1423.9
2019-07-29,1433.3,1684470,1431.9,1440.8,1427.5
2019-07-30,1441.8,2483180,1439.5,1445.7,1434.8
2019-07-31,1437.8,4068860,1443.7,1447.8,1422.3
2019-08-01,1432.4,5675230,1425.6,1458.2,1412.1
2019-08-02,1457.5,4711090,1457.5,1461.9,1442.5
2019-08-05,1464.6,10080,1440.4,1469.7,1440.4
2019-08-06,1484.2,3759370,1481.1,1486.8,1468.2
2019-08-07,1507.3,8240,1473.5,1509.9,1473.2
2019-08-08,1509.5,3853400,1512.1,1521.3,1501.6
2019-08-09,1508.5,3255900,1515.9,1521.1,1506.2
2019-08-12,1517.2,3383400,1509.2,1531.5,1498.6
2019-08-13,1514.1,5980820,1522.3,1546.1,1488.9
2019-08-14,1527.8,4745080,1513.0,1534.9,1504.5
2019-08-15,1531.2,4286180,1526.6,1537.7,1518.3
2019-08-16,1523.6,3145970,1533.9,1538.6,1513.9
2019-08-19,1511.6,2893290,1523.0,1523.6,1503.3
2019-08-20,1515.7,2403910,1506.3,1518.8,1503.0
2019-08-21,1515.7,2389720,1518.4,1518.4,1506.5
2019-08-23,1537.6,4592030,1508.8,1540.3,1503.0
2019-08-26,1537.2,4075000,1545.4,1565.0,1534.8
2019-08-27,1551.8,3348730,1537.3,1554.5,1535.3
2019-08-28,1549.1,3425560,1551.8,1556.6,1541.4
2019-08-29,1536.9,4394280,1549.4,1559.8,1528.6
2019-08-30,1529.2,3206570,1536.9,1541.9,1525.6
2019-09-03,1555.9,5415750,1539.2,1558.9,1529.6
2019-09-04,1560.4,4047790,1556.0,1566.2,1542.6
2019-09-05,1525.5,5867380,1561.4,1561.9,1514.3
2019-09-06,1506.2,540,1517.3,1526.0,1504.5
2019-09-09,1511.1,3123500,1516.4,1523.8,1505.5
2019-09-10,1499.2,3903570,1507.0,1509.1,1492.1
2019-09-11,1503.2,2968490,1493.9,1506.2,1492.9
2019-09-12,1507.4,4806620,1504.9,1532.2,1496.8
2019-09-17,1513.4,3297510,1506.5,1515.0,1500.9
2019-09-18,1515.8,3521790,1509.7,1519.5,1490.7
2019-09-19,1506.2,2818650,1502.0,1512.1,1496.3
2019-09-23,1531.5,3495890,1521.5,1534.4,1517.9
2019-09-24,1532.1,250,1515.1,1533.0,1515.1
2019-09-25,1512.3,4627420,1539.8,1542.8,1507.4
2019-09-26,1515.2,3679340,1510.9,1519.5,1507.1
2019-09-27,1506.4,4362890,1511.8,1514.4,1493.3
2019-09-30,1472.9,4247590,1501.7,1507.2,1470.5
2019-10-01,1489.0,4408040,1478.0,1493.5,1465.0
2019-10-02,1501.0,2050,1476.6,1503.7,1474.1
2019-10-03,1513.8,4001300,1505.6,1525.8,1501.7
2019-10-04,1506.2,2330,1505.6,1508.7,1497.1
2019-10-08,1497.2,460,1489.4,1506.3,1489.3
2019-10-09,1512.8,2772420,1515.4,1516.5,1510.1
2019-10-10,1500.9,4018490,1510.8,1522.3,1495.7
2019-10-11,1488.7,4626930,1498.3,1508.0,1478.0
2019-10-14,1497.6,2210490,1492.0,1501.5,1487.1
2019-10-15,1483.5,3071050,1497.7,1503.0,1480.8
2019-10-16,1494.0,3600830,1484.8,1495.5,1480.6
2019-10-17,1498.3,2965460,1494.2,1501.1,1487.0
2019-10-18,1488.2,820,1487.3,1489.1,1486.6
2019-10-21,1488.1,2721950,1495.6,1498.7,1484.8
2019-10-22,1487.5,2009310,1487.5,1492.1,1484.0
2019-10-23,1495.7,2354830,1491.1,1499.4,1490.7
2019-10-24,1504.7,2900740,1495.1,1506.9,1490.4
2019-10-25,1499.5,930,1501.4,1503.7,1499.0
2019-10-28,1495.8,3104720,1507.4,1510.8,1492.3
2019-10-29,1490.7,2830380,1494.0,1494.0,1489.7
2019-10-30,1493.2,3200,1487.2,1495.4,1481.0
2019-10-31,1514.8,3753940,1498.8,1516.7,1496.0
2019-11-01,1508.0,2350,1511.0,1511.6,1503.0
2019-11-04,1511.1,2504750,1516.4,1517.1,1506.5
2019-11-05,1483.7,5730180,1511.6,1511.9,1480.7
2019-11-06,1493.1,3024000,1491.5,1495.9,1490.5
2019-11-11,1457.1,2953940,1460.0,1467.4,1448.9
2019-11-12,1452.1,60,1454.9,1454.9,1447.1
2019-11-13,1463.3,3359800,1463.5,1467.9,1462.8
2019-11-14,1473.4,3121080,1464.0,1475.5,1461.7
2019-11-18,1471.9,3250330,1467.8,1474.4,1456.6
2019-11-19,1473.3,180,1467.7,1474.3,1467.7
2019-11-20,1470.0,310,1472.6,1474.5,1467.3
2019-11-21,1470.5,739790,1481.3,1482.7,1469.4
2019-11-22,1468.8,779020,1470.9,1480.3,1468.1
2019-11-25,1463.8,1212380,1467.5,1468.9,1460.7
2019-11-26,1467.4,2717540,1461.3,1470.0,1456.6
2019-11-27,1453.4,881640,1461.1,1461.9,1452.0
2019-11-29,1472.7,2592900,1461.7,1472.9,1459.1
2019-12-02,1469.2,3042420,1470.3,1471.7,1459.8
2019-12-03,1478.2,14600,1461.6,1480.4,1459.5
2019-12-04,1480.2,3119090,1483.2,1489.9,1476.7
2019-12-05,1483.1,2318440,1480.0,1485.7,1478.0
2019-12-06,1459.1,8990,1475.0,1476.0,1458.2
2019-12-09,1464.9,1636820,1464.1,1469.8,1463.0
2019-12-10,1462.6,3670,1460.7,1467.2,1460.7
2019-12-12,1472.3,3966570,1469.5,1474.9,1468.2
2019-12-13,1475.6,4680,1463.1,1475.9,1463.1
2019-12-16,1480.5,1604160,1480.0,1484.5,1477.4
2019-12-17,1480.6,1673590,1480.6,1484.9,1478.4
2019-12-18,1478.7,1909750,1480.4,1483.6,1474.3
2019-12-19,1478.2,3190,1475.9,1478.9,1473.3
2019-12-23,1488.7,1558020,1482.4,1490.1,1481.2
2019-12-26,1514.4,2135920,1503.9,1517.4,1502.1
2019-12-27,1518.1,1947360,1516.5,1519.9,1512.1
2019-12-30,1518.6,1698130,1515.9,1519.1,1513.5
2019-12-31,1519.5,3010,1513.8,1523.4,1513.8
2020-01-02,1528.1,2578670,1521.0,1534.0,1519.7
2020-01-03,1549.2,1070,1530.1,1552.7,1530.1
2020-01-06,1568.8,5390230,1562.7,1590.9,1562.3
2020-01-07,1574.3,4181450,1567.4,1579.2,1557.0
2020-01-08,1560.2,7872170,1556.7,1563.8,1556.5
2020-01-09,1554.3,3545230,1557.7,1562.4,1541.0
2020-01-10,1557.5,160,1551.2,1558.8,1545.4
2020-01-13,1550.6,2966190,1563.0,1563.1,1547.0
2020-01-14,1544.6,3237820,1548.6,1549.5,1536.4
2020-01-15,1554.0,2977770,1546.8,1558.8,1546.5
2020-01-16,1550.5,2530760,1556.6,1558.2,1548.0
2020-01-21,1556.4,450,1564.2,1566.2,1551.0
2020-01-22,1556.7,2765210,1557.0,1558.9,1555.2
2020-01-23,1571.6,653190,1564.7,1573.7,1557.5
2020-01-27,1583.7,1344230,1586.1,1594.7,1581.6
2020-01-28,1575.8,1910390,1587.1,1588.5,1570.4
2020-01-29,1576.0,2253890,1572.0,1583.0,1567.9
2020-01-30,1589.2,3712860,1582.4,1590.7,1576.8
2020-01-31,1582.9,10950,1573.4,1589.0,1570.0
2020-02-03,1582.4,3034580,1597.8,1598.5,1573.2
2020-02-04,1555.5,3281920,1581.5,1584.5,1552.8
2020-02-05,1562.8,2974180,1556.1,1566.2,1551.1
2020-02-06,1570.0,2216120,1560.0,1571.9,1556.0
2020-02-07,1568.6,4310,1564.9,1571.9,1560.5
2020-02-10,1579.5,1862470,1575.8,1580.5,1571.5
2020-02-11,1565.6,4400,1570.9,1571.1,1561.9
2020-02-12,1571.6,1834100,1571.2,1573.6,1564.4
2020-02-13,1578.8,2642930,1569.8,1581.7,1568.5
2020-02-18,1600.0,3100,1587.0,1604.3,1579.8
2020-02-19,1611.8,2985360,1604.8,1615.9,1602.4
2020-02-20,1620.5,3891440,1615.0,1626.5,1606.6
2020-02-21,1644.6,1860,1619.3,1645.0,1619.3
2020-02-25,1650.0,6546600,1647.0,1655.8,1627.0
2020-02-26,1643.1,5157710,1640.8,1643.8,1640.3
2020-02-27,1642.5,5605470,1658.0,1662.5,1636.7
2020-03-02,1592.3,5370,1583.9,1608.3,1574.3
2020-03-03,1642.1,6100,1594.5,1645.3,1594.0
2020-03-04,1643.0,2972510,1640.1,1654.3,1632.6
2020-03-05,1666.4,1540,1637.2,1672.9,1637.2
2020-03-06,1672.4,6190510,1673.1,1692.8,1642.4
2020-03-09,1675.7,4671100,1692.6,1704.3,1658.0
2020-03-10,1659.1,480,1671.6,1674.6,1643.0
2020-03-11,1642.3,3734620,1649.3,1671.8,1632.4
2020-03-12,1590.3,5534570,1633.1,1651.0,1560.4
2020-03-13,1516.7,5244710,1582.7,1597.9,1504.0
2020-03-16,1486.5,5358600,1563.8,1574.8,1450.9
2020-03-17,1524.9,1220,1469.3,1537.7,1469.3
2020-03-18,1477.9,4123320,1527.6,1547.0,1473.3
2020-03-19,1479.3,3060160,1487.2,1502.8,1460.1
2020-03-23,1572.7,958480,1508.4,1574.8,1489.4
2020-03-24,1660.2,4420,1622.8,1685.5,1622.8
2020-03-25,1634.3,1045470,1665.5,1698.0,1609.0
2020-03-26,1660.3,1348610,1642.2,1677.2,1612.0
2020-03-30,1643.2,1442900,1663.4,1673.6,1632.0
2020-03-31,1583.4,26940,1618.7,1621.0,1576.0
2020-04-01,1591.4,1593770,1589.4,1612.4,1576.0
2020-04-02,1637.7,1621510,1602.4,1645.6,1595.2
2020-04-03,1633.7,6430,1624.5,1636.0,1619.8
2020-04-06,1677.0,10630,1629.1,1696.7,1625.9
2020-04-07,1683.7,1942630,1707.1,1742.6,1672.0
2020-04-08,1684.3,1213460,1678.7,1695.8,1670.7
2020-04-13,1744.8,6960,1722.0,1756.8,1710.7
2020-04-14,1768.9,2344390,1761.5,1788.8,1747.1
2020-04-15,1740.2,1813420,1758.1,1759.8,1731.6
2020-04-16,1731.7,1998230,1743.5,1768.0,1722.6
2020-04-17,1689.2,2230,1715.7,1725.0,1684.9
2020-04-20,1711.2,1836360,1693.0,1718.4,1685.0
2020-04-21,1687.8,2407430,1713.3,1718.0,1666.2
2020-04-22,1738.3,1878640,1703.1,1742.4,1695.4
2020-04-23,1745.4,1944950,1736.5,1764.2,1730.6
2020-04-24,1723.5,2210,1744.0,1744.0,1714.5
2020-04-27,1723.8,1427210,1745.0,1745.8,1720.0
2020-04-28,1722.2,1666060,1724.4,1731.9,1704.1
2020-04-29,1703.4,3730,1710.0,1713.5,1702.0
2020-04-30,1694.2,2287300,1729.6,1737.0,1687.5
2020-05-01,1694.5,3370,1686.6,1701.5,1670.5
2020-05-04,1713.3,1463070,1711.2,1726.0,1700.3
2020-05-05,1710.6,1795770,1711.0,1717.8,1695.4
2020-05-06,1688.5,1963130,1714.1,1716.6,1683.0
2020-05-07,1725.8,2333810,1686.0,1733.2,1683.9
2020-05-08,1709.9,3300,1726.2,1728.9,1703.8
2020-05-11,1698.0,1844550,1706.0,1713.8,1692.1
2020-05-12,1706.8,1826750,1700.0,1716.7,1693.5
2020-05-13,1716.4,2045330,1705.0,1726.5,1701.6
2020-05-14,1740.9,2086010,1723.1,1746.5,1716.0
2020-05-18,1734.4,2648480,1757.5,1775.8,1729.3
2020-05-19,1745.6,1816730,1734.8,1751.6,1727.2
2020-05-20,1750.6,160,1751.6,1752.1,1745.6
2020-05-21,1721.9,2259410,1751.7,1751.7,1715.3
2020-05-26,1728.2,1465820,1746.3,1755.6,1721.2
2020-05-27,1726.8,1567460,1724.1,1729.1,1701.6
2020-05-28,1728.3,1591740,1725.0,1743.7,1720.0
2020-05-29,1736.9,14060,1718.8,1738.3,1715.1
2020-06-01,1750.3,1428070,1749.8,1761.0,1737.6
2020-06-02,1734.0,1720300,1750.3,1757.0,1728.0
2020-06-03,1704.8,2490360,1733.7,1738.9,1690.3
2020-06-04,1727.4,1938730,1702.8,1729.0,1698.9
2020-06-05,1683.0,2670860,1720.8,1723.2,1671.7
2020-06-08,1705.1,1514610,1686.7,1707.6,1680.7
2020-06-09,1721.9,1781280,1703.9,1729.4,1697.6
2020-06-10,1720.7,1955930,1718.9,1749.4,1714.1
2020-06-11,1739.8,2022140,1746.6,1754.9,1727.5
2020-06-12,1737.3,1481760,1733.6,1753.0,1728.2
2020-06-15,1727.2,1952050,1740.7,1743.8,1706.2
2020-06-16,1736.5,1777020,1732.3,1741.3,1721.8
2020-06-17,1735.6,1378790,1735.3,1739.3,1717.3
2020-06-18,1731.1,1526280,1735.5,1749.2,1722.7
2020-06-19,1753.0,1749810,1729.8,1760.9,1728.3
2020-06-22,1766.4,2194600,1765.8,1779.0,1753.5
2020-06-23,1782.0,1900180,1764.9,1786.8,1758.3
2020-06-24,1775.1,2306100,1784.4,1796.1,1770.6
2020-06-25,1770.6,1487880,1772.3,1779.6,1764.1
2020-06-26,1780.3,1959630,1774.8,1786.2,1754.0
2020-06-29,1781.2,1284410,1789.2,1790.4,1776.5
2020-06-30,1800.5,1903510,1799.2,1801.4,1795.5
2020-07-01,1779.9,2585410,1798.9,1807.7,1767.9
2020-07-02,1790.0,1810170,1779.0,1791.7,1766.3
2020-07-06,1793.5,1405640,1787.0,1799.0,1779.2
2020-07-07,1809.9,2172290,1793.9,1810.8,1781.2
2020-07-08,1820.6,2327080,1807.9,1829.8,1803.8
2020-07-09,1803.8,2652800,1818.8,1825.5,1799.6
2020-07-10,1801.9,2082640,1808.4,1817.0,1796.5
2020-07-13,1814.1,2180060,1803.4,1818.8,1802.1
2020-07-14,1813.4,2359920,1810.9,1813.6,1809.6
2020-07-15,1813.8,1792670,1811.1,1819.5,1804.0
2020-07-16,1800.3,1908410,1813.1,1816.2,1794.1
2020-07-17,1810.0,1626840,1796.9,1813.9,1795.2
2020-07-20,1817.4,1739830,1812.3,1823.4,1806.6
2020-07-21,1843.9,2656770,1819.6,1844.9,1817.2
2020-07-22,1865.1,3767050,1842.8,1871.8,1842.1
2020-07-23,1890.0,4003580,1871.6,1897.7,1863.1
2020-07-24,1897.5,2880880,1884.9,1904.6,1880.5
2020-07-27,1955.4,1274870,1929.0,1971.3,1926.8
2020-07-28,1963.9,1544850,1963.2,2000.0,1927.5
2020-07-29,1976.7,1910330,1971.9,1998.4,1955.7
2020-07-30,1966.8,2686060,1986.4,1987.3,1952.3
2020-07-31,1985.9,2754600,1973.6,2005.4,1971.4
2020-08-03,1986.3,1767290,1997.4,2009.5,1975.2
2020-08-04,2021.0,2697900,1993.5,2037.7,1982.6
2020-08-05,2049.3,3619490,2037.0,2070.3,2027.5
2020-08-06,2069.4,3075170,2055.0,2081.8,2049.0
2020-08-07,2028.0,3910170,2076.4,2082.1,2024.8
2020-08-10,2039.7,2486440,2044.8,2060.8,2027.8
2020-08-11,1946.3,5566170,2038.4,2040.5,1911.3
2020-08-12,1949.0,4503940,1921.6,1961.0,1874.2
2020-08-13,1970.4,3460000,1927.3,1974.8,1923.0
2020-08-14,1949.8,2370920,1963.8,1970.0,1939.1
2020-08-17,1998.7,2855800,1956.4,2000.8,1939.1
2020-08-18,2013.1,3582720,1993.6,2024.6,1985.2
2020-08-19,1970.3,4404050,2010.5,2015.6,1930.5
2020-08-20,1946.5,3789700,1934.4,1963.1,1928.9
2020-08-21,1947.0,3527730,1955.6,1963.1,1916.6
2020-08-24,1939.2,2845400,1947.9,1970.3,1930.8
2020-08-25,1923.1,2716410,1935.9,1944.1,1919.1
2020-08-26,1952.5,3380490,1939.0,1963.4,1908.4
2020-08-27,1932.6,4619900,1963.0,1987.0,1914.7
2020-08-28,1974.9,3296090,1937.5,1983.0,1928.2
2020-08-31,1978.6,2425770,1973.9,1985.8,1962.3
2020-09-01,1978.9,3002270,1973.7,2001.2,1969.2
2020-09-02,1944.7,3261300,1976.8,1980.4,1938.9
2020-09-03,1937.8,3002820,1948.9,1956.6,1927.2
2020-09-04,1934.3,3009210,1938.0,1945.9,1923.0
2020-09-08,1943.2,4120830,1938.0,1948.3,1911.7
2020-09-09,1954.9,2241900,1939.4,1959.7,1926.3
2020-09-11,1947.9,2028590,1953.8,1959.0,1945.7
2020-09-14,1963.7,1967630,1948.9,1972.5,1945.2
2020-09-15,1966.2,2326980,1966.2,1982.4,1955.6
2020-09-16,1970.5,2870730,1961.4,1983.8,1957.2
2020-09-17,1949.9,2631920,1967.6,1969.3,1938.2
2020-09-18,1962.1,1742420,1951.1,1968.2,1951.1
2020-09-21,1910.6,3805260,1957.3,1962.9,1885.4
2020-09-22,1907.6,2794410,1918.1,1925.5,1898.9
2020-09-23,1868.4,4020110,1905.1,1909.9,1856.0
2020-09-24,1876.9,3383610,1866.9,1880.9,1851.0
2020-09-25,1866.3,2260760,1872.7,1879.3,1854.1
2020-09-28,1882.3,2329070,1862.7,1888.2,1851.1
2020-09-29,1903.2,2134820,1886.4,1904.8,1880.8
2020-09-30,1895.5,2564460,1903.2,1908.2,1885.8
2020-10-01,1916.3,2570470,1891.2,1917.9,1890.0
2020-10-02,1907.6,2096960,1911.0,1923.6,1895.2
2020-10-05,1920.1,1760900,1910.9,1924.9,1902.5
2020-10-06,1908.8,1726050,1917.8,1927.0,1902.9
2020-10-07,1890.8,1832950,1882.6,1902.4,1877.1
2020-10-08,1895.1,1799680,1890.6,1905.3,1885.3
2020-10-09,1926.2,2248080,1898.4,1936.8,1898.0
2020-10-12,1928.9,1559060,1935.0,1939.4,1923.8
2020-10-13,1894.6,2600440,1927.3,1930.6,1889.3
2020-10-14,1907.3,1853740,1895.4,1917.5,1885.0
2020-10-15,1908.9,2056150,1906.0,1913.2,1892.7
2020-10-16,1906.4,1440940,1912.7,1918.7,1901.1
2020-10-19,1911.7,1554790,1903.2,1923.4,1900.2
2020-10-21,1929.5,1947540,1911.6,1936.0,1911.6
2020-10-22,1904.6,2080870,1927.4,1929.4,1894.2
2020-10-23,1905.2,1681480,1906.5,1917.3,1895.2
2020-10-26,1905.7,1618410,1906.0,1911.1,1892.5
2020-10-27,1911.9,1490560,1904.4,1913.8,1898.7
2020-10-29,1868.0,2195920,1877.5,1885.1,1859.2
2020-11-02,1892.5,1619580,1877.0,1897.1,1873.3
2020-11-06,1951.7,2339030,1950.0,1961.8,1937.2
2020-11-11,1861.6,2010670,1876.1,1882.5,1853.9
2020-11-12,1873.3,1995430,1863.9,1883.0,1860.7
2020-11-16,1887.8,2179910,1886.6,1898.0,1861.5
2020-11-17,1885.1,1550990,1888.2,1892.7,1876.3
2020-11-25,1811.2,1211120,1812.0,1821.7,1804.7
2020-11-27,1788.1,2770910,1812.1,1822.6,1776.5
2020-11-30,1780.9,2352850,1790.8,1793.3,1767.2
2020-12-01,1818.9,1971840,1780.3,1821.1,1778.4
2020-12-03,1841.1,1779880,1833.9,1847.4,1826.7
2020-12-04,1840.0,1673010,1844.7,1852.7,1832.0
2020-12-08,1874.9,1479020,1866.1,1879.8,1863.9
2020-12-09,1838.5,2168430,1875.4,1875.9,1828.2
2020-12-10,1837.4,1625130,1843.0,1854.2,1831.5
2020-12-11,1843.6,1506340,1840.0,1851.8,1826.8
2020-12-15,1855.3,1692180,1830.5,1859.3,1828.5
2020-12-16,1859.1,1967020,1857.7,1870.0,1848.2
2020-12-17,1890.4,2131700,1868.4,1902.0,1865.9
2020-12-18,1888.9,1499600,1891.3,1895.7,1881.9
2020-12-21,1882.8,2269970,1892.9,1912.0,1859.0
2020-12-22,1870.3,1731830,1883.0,1889.4,1863.7
2020-12-23,1878.1,1578560,1865.6,1883.7,1860.9
2020-12-24,1883.2,874450,1877.3,1887.4,1873.1
2020-12-28,1880.4,1945450,1887.0,1904.1,1873.0
2020-12-29,1882.9,1459050,1878.0,1891.3,1875.6
2020-12-30,1893.4,1286880,1881.8,1899.0,1879.5
2020-12-31,1895.1,1275780,1899.0,1904.9,1889.1
2021-01-04,1946.6,2616750,1908.2,1948.7,1906.1
2021-01-05,1954.4,1921110,1946.0,1957.0,1938.4
2021-01-06,1908.6,3561820,1952.8,1962.5,1902.6
2021-01-07,1913.6,1923650,1921.5,1929.6,1907.5
2021-01-08,1835.4,4224850,1915.2,1918.4,1827.8
2021-01-11,1850.8,2531900,1849.4,1856.0,1817.1
2021-01-13,1854.9,2035440,1855.0,1859.3,1841.6
2021-01-14,1851.4,2421260,1845.6,1853.6,1843.4
2021-01-15,1829.9,2247250,1847.3,1856.6,1822.1
2021-01-19,1840.2,3248290,1828.8,1845.0,1800.8
2021-01-22,1859.9,747630,1874.0,1874.1,1839.7
2021-01-25,1859.0,861970,1858.6,1870.9,1850.0
2021-01-26,1854.8,898950,1858.7,1864.5,1851.1
2021-01-29,1850.3,2694740,1845.6,1851.7,1843.8
2021-02-01,1863.9,2376500,1865.0,1876.0,1851.7
2021-02-02,1833.4,2266760,1863.6,1866.3,1830.4
2021-02-03,1835.1,1345520,1838.5,1845.9,1830.1
2021-02-04,1791.2,2697310,1834.5,1835.7,1784.6
2021-02-05,1813.0,2026120,1794.3,1816.0,1792.2
2021-02-08,1834.2,1719780,1818.1,1840.6,1807.3
2021-02-09,1837.5,1513530,1832.4,1849.5,1830.3
2021-02-10,1842.7,1735080,1838.3,1856.6,1834.0
2021-02-11,1826.8,1435970,1844.3,1848.6,1821.7
2021-02-19,1777.4,2472880,1774.6,1790.9,1759.0
2021-02-22,1808.4,2161290,1782.0,1812.4,1778.6
2021-02-23,1805.9,1870780,1809.3,1815.2,1794.5
2021-02-24,1797.9,2202400,1805.0,1813.0,1782.2
2021-03-01,1723.0,2380370,1732.8,1757.4,1717.2
2021-03-02,1733.6,2305140,1722.8,1737.8,1704.6
2021-03-03,1715.8,2517410,1736.5,1739.1,1699.4
2021-03-04,1700.7,2710770,1708.4,1721.6,1687.6
2021-03-05,1698.5,2549270,1695.3,1705.7,1683.0
2021-03-08,1678.0,2581000,1701.6,1712.0,1673.3
2021-03-09,1716.9,2335650,1679.3,1718.7,1676.7
2021-03-10,1721.8,2136790,1714.5,1725.3,1705.6
2021-03-11,1722.6,1971680,1725.0,1738.0,1716.8
2021-03-12,1719.8,2229950,1720.5,1728.0,1696.6
2021-03-15,1729.2,1588390,1726.5,1733.2,1719.2
2021-03-16,1730.9,1704630,1730.7,1740.5,1724.4
2021-03-17,1727.1,2140840,1730.0,1750.6,1722.0
2021-03-18,1734.6,189420,1745.9,1756.0,1719.1
2021-03-19,1743.9,368590,1736.3,1748.2,1729.3
2021-03-22,1740.4,362600,1747.5,1749.2,1728.6
2021-03-24,1735.5,688200,1728.2,1739.9,1724.8
2021-03-26,1734.7,988820,1727.5,1737.9,1721.2
2021-03-29,1714.6,1718760,1732.4,1734.8,1705.6
2021-03-30,1686.0,2188120,1713.0,1714.8,1678.3
2021-03-31,1715.6,2053460,1685.9,1716.3,1677.3
2021-04-01,1728.4,1666880,1709.0,1732.0,1706.4
2021-04-05,1728.8,1005750,1730.0,1734.4,1721.6
2021-04-08,1758.2,1406480,1738.6,1759.4,1733.6
2021-04-09,1744.8,1650110,1756.5,1758.2,1730.8
2021-04-16,1780.2,1679440,1764.8,1784.7,1760.3
2021-04-19,1770.6,1781140,1778.8,1790.4,1766.6
2021-04-20,1778.4,1650140,1770.5,1780.8,1763.5
2021-04-23,1777.8,1717720,1784.0,1796.3,1769.5
2021-04-27,1778.8,1404690,1781.1,1785.9,1773.9
2021-04-28,1773.9,1906260,1776.4,1782.7,1761.8
2021-05-04,1776.0,2250830,1793.2,1799.5,1769.2
2021-05-10,1837.6,2546570,1835.4,1846.3,1830.5
2021-05-12,1822.8,3239110,1838.2,1844.7,1813.0
2021-05-13,1824.0,2384430,1816.2,1829.1,1808.4
2021-05-14,1838.1,2220900,1826.4,1847.1,1819.0
2021-05-20,1883.9,431100,1872.2,1887.2,1866.2
2021-05-21,1878.9,517990,1880.4,1892.3,1872.5
2021-05-24,1886.7,518240,1885.6,1890.0,1877.9
2021-05-26,1903.8,1726960,1902.4,1915.6,1893.0
2021-05-28,1905.3,1940690,1899.8,1908.8,1884.3
2021-06-02,1909.9,1604140,1903.0,1911.8,1896.4
2021-06-07,1898.8,1423150,1894.3,1902.9,1883.7
2021-06-08,1894.4,1701660,1901.6,1906.9,1885.7
2021-06-09,1895.5,1438910,1894.4,1901.7,1889.3
2021-06-10,1896.4,2446980,1891.4,1903.0,1871.8
2021-06-11,1879.6,2136810,1901.9,1906.2,1876.1
2021-06-14,1865.9,2357080,1879.6,1879.7,1845.7
2021-06-15,1856.4,1524100,1867.8,1870.9,1853.0
2021-06-16,1861.4,2286050,1861.0,1866.0,1804.4
2021-06-17,1774.8,3723680,1812.3,1826.4,1767.9
2021-06-18,1769.0,2546410,1773.9,1797.9,1761.2
2021-06-21,1782.9,1872490,1764.3,1786.9,1764.1
2021-06-22,1777.4,1672930,1783.2,1790.1,1771.2
2021-06-23,1783.4,1750840,1779.1,1795.6,1773.1
2021-06-24,1776.7,1488720,1778.2,1788.6,1772.7
2021-06-25,1777.8,1581210,1775.7,1791.0,1773.6
2021-06-28,1780.7,1584670,1782.0,1786.1,1770.4
2021-06-29,1763.6,2327010,1778.8,1779.2,1750.1
2021-06-30,1771.6,1691110,1761.9,1774.7,1753.2
2021-07-01,1776.8,1672600,1770.8,1783.4,1765.9
2021-07-02,1783.3,2023650,1777.5,1795.9,1774.4
2021-07-06,1794.2,2730150,1787.5,1815.7,1784.7
2021-07-07,1802.1,1680500,1797.0,1810.2,1794.1
2021-07-08,1800.2,2340210,1803.8,1819.5,1793.5
2021-07-09,1810.6,1729280,1803.2,1813.0,1796.6
2021-07-12,1805.9,1881540,1808.5,1811.0,1791.0
2021-07-13,1809.9,2276380,1806.7,1818.0,1798.7
2021-07-14,1825.0,2049980,1808.3,1831.1,1804.9
2021-07-15,1829.0,1687880,1828.7,1835.0,1820.6
2021-07-16,1815.0,1815350,1830.7,1832.7,1809.5
2021-07-19,1809.2,2476510,1811.6,1818.0,1795.0
2021-07-20,1811.4,2167470,1813.5,1825.9,1805.2
2021-07-21,1807.4,640120,1814.7,1818.1,1798.3
2021-07-22,1809.2,533430,1807.8,1812.3,1796.0
2021-07-23,1805.9,882140,1811.5,1814.5,1793.1
2021-07-26,1803.4,813900,1806.4,1816.1,1800.2
2021-07-27,1804.0,767070,1801.5,1809.5,1796.9
2021-07-28,1804.6,1952980,1802.4,1813.9,1795.6
2021-07-29,1835.8,2049180,1811.5,1837.5,1810.9
2021-07-30,1817.2,1522360,1832.5,1835.5,1813.1
2021-08-02,1822.2,1574140,1817.0,1823.2,1808.2
2021-08-03,1814.1,1014600,1816.8,1818.2,1809.5
2021-08-04,1814.5,2371400,1813.7,1835.9,1808.3
2021-08-05,1808.9,1662870,1814.9,1817.9,1799.7
2021-08-06,1763.1,3057780,1806.7,1807.0,1759.5
2021-08-09,1726.5,2823880,1765.0,1765.7,1677.9
2021-08-10,1731.7,1782530,1732.0,1739.4,1718.5
2021-08-11,1753.3,1813060,1730.4,1756.7,1724.6
2021-08-12,1751.8,1339900,1752.9,1759.6,1742.6
2021-08-13,1778.2,1406890,1754.4,1781.9,1753.0
2021-08-16,1789.8,1338210,1780.9,1791.3,1772.0
2021-08-17,1787.8,1424760,1789.1,1797.6,1782.1
2021-08-18,1784.4,1311900,1787.8,1795.7,1778.8
2021-08-19,1783.1,1475340,1789.5,1795.0,1774.6
2021-08-20,1784.0,1064950,1782.8,1791.0,1780.0
2021-08-23,1806.3,1502380,1781.2,1809.1,1778.0
2021-08-24,1808.5,1129530,1807.6,1812.2,1802.6
2021-08-25,1791.0,1605250,1805.1,1805.3,1784.0
2021-08-26,1795.2,1310780,1793.0,1800.4,1781.3
2021-08-27,1819.5,1987600,1795.2,1821.9,1785.2
2021-08-30,1812.2,1025790,1821.6,1826.5,1810.0
2021-08-31,1818.1,1622090,1812.2,1821.9,1803.4
2021-09-01,1816.0,1388020,1816.7,1822.7,1810.6
2021-09-02,1811.5,1110990,1816.2,1819.6,1806.5
2021-09-03,1833.7,1819320,1811.5,1836.9,1810.9
2021-09-07,1798.5,2485980,1833.5,1833.5,1793.7
2021-09-08,1793.5,1581040,1796.1,1804.4,1783.1
2021-09-09,1800.0,1520370,1790.9,1803.4,1785.1
2021-09-10,1792.1,1341480,1796.2,1806.0,1788.2
2021-09-13,1794.4,1108700,1789.8,1800.2,1784.4
2021-09-14,1807.1,1938350,1794.8,1810.6,1780.6
2021-09-15,1794.8,1375130,1806.6,1808.5,1791.7
2021-09-16,1756.7,2436130,1795.5,1797.3,1745.5
2021-09-17,1751.4,1806730,1754.6,1767.8,1747.1
2021-09-20,1763.8,1505730,1754.2,1768.4,1742.3
2021-09-21,1778.2,1399000,1765.5,1782.8,1758.3
2021-09-22,1778.8,1699370,1775.0,1788.4,1764.6
2021-09-23,1749.8,2200980,1769.2,1777.1,1737.5
2021-09-24,1751.7,1477360,1743.7,1758.0,1740.2
2021-09-27,1752.0,1358110,1751.8,1760.9,1744.7
2021-09-28,1737.5,2118210,1750.0,1754.3,1727.8
2021-09-29,1722.9,1754200,1734.0,1746.0,1721.1
2021-09-30,1757.0,2379670,1726.0,1765.0,1721.8
2021-10-01,1758.4,1488900,1757.2,1765.2,1749.9
2021-10-04,1767.6,1639440,1762.6,1771.5,1747.7
2021-10-05,1760.9,1500830,1770.8,1771.1,1748.6
2021-10-06,1761.8,1566750,1760.5,1765.9,1745.4
2021-10-07,1759.2,1438810,1763.8,1767.7,1752.0
2021-10-08,1757.4,2348100,1757.0,1782.4,1753.6
2021-10-11,1755.7,1131140,1757.4,1761.1,1749.9
2021-10-12,1759.3,1653670,1753.6,1770.0,1750.5
2021-10-13,1794.7,2924400,1760.4,1797.4,1757.9
2021-10-14,1797.9,1605750,1793.6,1801.9,1787.6
2021-10-15,1768.3,1993060,1797.3,1797.7,1765.1
2021-10-18,1765.7,1512750,1767.5,1772.5,1760.3
2021-10-19,1770.5,1635900,1764.8,1786.0,1763.4
2021-10-20,1784.9,1712910,1769.4,1789.6,1767.1
2021-10-21,1781.9,1369360,1782.5,1790.3,1776.8
2021-10-22,1796.3,3017660,1783.7,1815.5,1783.4
2021-10-25,1806.8,1482220,1794.2,1811.5,1793.0
2021-10-26,1793.4,1956020,1808.7,1809.8,1783.0
2021-10-27,1798.8,1801960,1795.0,1801.0,1784.3
2021-10-28,1802.6,2164640,1798.7,1812.7,1793.1
2021-10-29,1783.9,2485530,1801.5,1802.9,1772.4
2021-11-01,1795.8,1403660,1785.3,1797.5,1780.2
2021-11-02,1789.4,1415900,1794.8,1797.8,1787.4
2021-11-03,1763.9,2480470,1789.2,1789.3,1758.5
2021-11-04,1793.5,2130340,1769.9,1800.3,1769.3
2021-11-05,1816.8,2765800,1792.6,1820.1,1785.3
2021-11-08,1828.0,1800980,1820.6,1828.3,1813.8
2021-11-09,1830.8,2023630,1826.9,1834.8,1821.0
2021-11-10,1848.3,3232660,1834.5,1870.6,1823.0
2021-11-11,1863.9,1787010,1851.5,1868.7,1845.1
2021-11-12,1868.5,1920070,1864.3,1871.4,1847.5
2021-11-15,1866.6,2082170,1872.6,1873.0,1858.5
2021-11-16,1854.1,2124950,1864.9,1879.5,1851.0
2021-11-17,1872.8,303190,1854.5,1873.1,1853.8
2021-11-18,1864.0,482410,1871.7,1875.9,1859.4
2021-11-19,1854.3,613070,1863.8,1870.5,1847.0
2021-11-22,1809.1,1361640,1850.7,1853.0,1805.3
2021-11-23,1786.3,1467540,1808.7,1815.2,1784.3
2021-11-24,1786.9,1013040,1792.3,1798.8,1780.2
2021-11-26,1788.1,1736050,1792.3,1819.3,1781.6
2021-11-29,1785.2,1453470,1795.2,1801.5,1782.0
2021-11-30,1776.5,2345880,1786.9,1811.4,1771.2
2021-12-01,1784.3,1721760,1777.4,1795.7,1773.7
2021-12-02,1762.7,1644920,1783.8,1785.2,1762.2
2021-12-03,1783.9,1700920,1769.4,1788.0,1766.0
2021-12-06,1779.5,998400,1787.7,1789.0,1776.4
2021-12-07,1784.7,1245830,1779.5,1789.3,1772.4
2021-12-08,1785.5,1065550,1785.1,1794.3,1780.1
2021-12-09,1776.7,1210450,1784.3,1788.4,1773.3
2021-12-10,1784.8,1400320,1776.3,1791.0,1770.4
2021-12-13,1788.3,1039990,1784.2,1792.8,1782.2
2021-12-14,1772.3,1481820,1787.6,1789.8,1766.1
2021-12-15,1764.5,1580710,1771.9,1781.3,1753.0
2021-12-16,1798.2,1641020,1777.9,1800.7,1775.7
2021-12-17,1804.9,1526400,1801.5,1815.7,1796.5
2021-12-20,1794.6,1041460,1800.2,1804.6,1789.0
2021-12-21,1788.7,1311200,1791.4,1801.7,1785.0
2021-12-22,1802.2,1072010,1789.4,1806.3,1785.8
2021-12-23,1811.7,1011780,1805.6,1812.0,1799.0
2021-12-27,1808.8,803230,1810.2,1814.6,1803.6
2021-12-28,1810.9,976050,1812.1,1821.6,1805.5
2021-12-29,1805.8,1356500,1806.6,1808.0,1789.1
2021-12-30,1814.1,1101420,1805.6,1818.1,1796.2
2021-12-31,1828.6,1013240,1817.0,1831.4,1815.4
2022-01-03,1800.1,1633000,1830.1,1833.0,1798.2
2022-01-04,1814.6,1621240,1801.1,1817.2,1798.1
2022-01-05,1825.1,1676510,1815.2,1830.7,1808.2
2022-01-06,1789.2,2331800,1810.6,1811.6,1785.4
2022-01-07,1797.4,2189410,1791.0,1798.4,1781.3
2022-01-10,1798.8,1539340,1796.4,1802.0,1789.3
2022-01-11,1818.5,1651520,1801.3,1823.1,1799.7
2022-01-12,1827.3,1735490,1821.3,1828.2,1814.4
2022-01-13,1821.4,1973050,1825.7,1828.3,1811.8
2022-01-14,1816.5,1649130,1822.1,1829.3,1814.2
2022-01-18,1812.4,3473050,1818.7,1822.9,1804.7
2022-01-19,1845.5,847880,1816.4,1846.1,1811.6
2022-01-20,1844.9,782020,1842.9,1850.8,1838.4
2022-01-21,1834.1,665960,1842.6,1845.8,1830.6
2022-01-24,1844.2,1005860,1838.3,1847.2,1831.9
2022-01-25,1855.0,715950,1846.0,1856.7,1836.8
2022-01-26,1832.0,1464410,1850.7,1852.6,1816.4
2022-01-27,1795.0,1980300,1821.4,1823.8,1792.7
2022-01-28,1786.6,2118390,1799.6,1800.3,1780.6
2022-01-31,1796.4,1346230,1792.8,1800.9,1785.8
2022-02-01,1801.5,1252280,1798.9,1809.7,1796.2
2022-02-02,1810.3,1200570,1800.8,1812.0,1794.6
2022-02-03,1804.1,1687830,1807.4,1809.5,1788.5
2022-02-04,1807.8,1755210,1805.4,1815.8,1792.1
2022-02-07,1821.8,1371120,1808.0,1824.6,1807.5
2022-02-08,1827.9,1381510,1821.5,1829.9,1816.0
2022-02-09,1836.6,1287350,1827.0,1837.1,1825.5
2022-02-10,1837.4,2218860,1834.0,1843.3,1821.8
2022-02-11,1842.1,2324250,1827.0,1867.4,1821.1
2022-02-14,1869.4,2202920,1862.2,1876.5,1851.9
2022-02-15,1856.2,2084280,1873.8,1881.6,1845.4
2022-02-16,1871.5,1363480,1855.5,1874.6,1851.8
2022-02-17,1902.0,2516800,1872.0,1904.0,1869.7
2022-02-18,1899.8,1554840,1901.4,1905.0,1888.0
2022-02-22,1907.4,3232100,1903.5,1918.3,1889.7
2022-02-23,1910.4,1514170,1901.2,1912.9,1891.1
2022-02-24,1926.3,4099540,1911.9,1976.5,1878.6
2022-02-25,1887.6,2209630,1906.5,1925.0,1884.4
2022-02-28,1900.7,2394160,1921.0,1935.2,1892.2
2022-03-01,1943.8,2150910,1908.4,1952.6,1903.0
2022-03-02,1922.3,2210280,1945.3,1951.4,1916.0
2022-03-03,1935.9,1709940,1931.7,1944.6,1923.1
2022-03-04,1966.6,2282050,1938.5,1974.9,1931.5
2022-03-07,1995.9,3455260,1978.5,2007.5,1964.2
2022-03-08,2043.3,4136240,2001.0,2078.8,1985.8
2022-03-09,1988.2,3298220,2060.2,2068.5,1981.0
2022-03-10,2000.4,2799440,1992.8,2015.1,1975.0
2022-03-11,1985.0,2342580,2000.3,2004.0,1960.6
2022-03-14,1960.8,1468700,1988.7,1994.8,1952.0
2022-03-15,1929.7,2087520,1953.7,1956.9,1908.1
2022-03-16,1909.2,1884710,1920.1,1930.1,1895.2
2022-03-17,1948.2,326400,1933.4,1955.6,1929.0
2022-03-18,1933.9,340500,1947.9,1950.9,1922.7
2022-03-21,1934.8,464030,1927.4,1947.2,1922.2
2022-03-22,1926.7,461650,1941.0,1944.7,1915.5
2022-03-23,1942.6,481410,1926.3,1953.9,1920.7
2022-03-24,1967.7,652180,1948.9,1972.5,1942.9
2022-03-25,1959.8,601370,1963.2,1970.4,1948.2
2022-03-28,1944.7,1065630,1962.5,1965.2,1920.7
2022-03-29,1918.0,2073310,1927.2,1934.4,1893.2
2022-03-30,1939.0,1332010,1924.0,1943.4,1920.1
2022-03-31,1954.0,1437560,1937.3,1955.0,1923.0
2022-04-01,1923.7,1297700,1942.4,1944.5,1921.4
2022-04-04,1934.0,1060620,1927.1,1941.6,1918.2
2022-04-05,1927.5,1427360,1937.3,1948.9,1920.9
2022-04-06,1923.1,1490650,1927.6,1937.6,1916.2
2022-04-07,1937.8,1196720,1928.1,1941.7,1923.3
2022-04-08,1945.6,1385210,1934.3,1952.2,1930.4
2022-04-11,1948.2,1791150,1949.6,1974.6,1942.9
2022-04-12,1976.1,1672670,1957.4,1982.7,1953.0
2022-04-13,1984.7,1283530,1970.5,1985.8,1966.3
2022-04-14,1974.9,1369060,1981.6,1984.0,1962.7
2022-04-18,1986.4,1354910,1978.5,2003.0,1974.4
2022-04-19,1959.0,1760330,1981.2,1985.1,1945.5
2022-04-20,1955.6,1360170,1952.7,1960.9,1941.0
2022-04-21,1948.2,1497000,1960.0,1960.1,1938.0
2022-04-22,1934.3,1723350,1953.1,1957.8,1928.0
2022-04-25,1896.0,2221750,1931.9,1935.5,1891.8
2022-04-26,1904.1,1591980,1899.8,1912.2,1896.3
2022-04-27,1888.7,1687590,1907.4,1908.1,1881.6
2022-04-28,1891.3,1669790,1886.8,1897.8,1870.9
2022-04-29,1911.7,1695900,1895.8,1921.3,1893.5
2022-05-02,1863.6,1860520,1896.2,1900.4,1853.4
2022-05-03,1870.6,1611500,1863.6,1878.4,1849.7
2022-05-04,1868.8,1559720,1868.3,1892.0,1861.1
2022-05-05,1875.7,2122060,1884.1,1910.7,1872.3
2022-05-06,1882.8,1656270,1877.5,1894.0,1865.0
2022-05-09,1858.6,1945200,1883.7,1885.6,1851.0
2022-05-10,1841.0,2351220,1853.9,1864.7,1834.5
2022-05-11,1853.7,2193350,1836.6,1857.8,1830.6
2022-05-12,1824.6,2304550,1852.3,1858.8,1820.1
2022-05-13,1808.2,1721270,1821.4,1827.6,1797.2
2022-05-16,1814.0,1565210,1809.4,1826.0,1785.0
2022-05-17,1818.9,1347580,1823.9,1834.8,1811.0
2022-05-18,1822.4,333010,1820.2,1829.3,1811.7
2022-05-19,1847.8,367820,1821.3,1854.5,1814.9
2022-05-20,1848.4,405220,1847.4,1854.0,1837.3
2022-05-23,1853.9,575860,1850.9,1870.4,1849.7
2022-05-24,1871.4,692250,1858.6,1875.0,1853.9
2022-05-25,1852.5,959960,1871.2,1872.7,1845.0
2022-05-26,1853.9,883450,1857.9,1859.0,1842.5
2022-05-27,1857.3,1199970,1855.1,1866.9,1851.9
2022-05-31,1848.4,1913760,1856.5,1867.9,1837.6
2022-06-01,1848.7,1525680,1840.0,1853.0,1830.2
2022-06-02,1871.4,1231960,1849.9,1874.4,1846.5
2022-06-03,1850.2,1105020,1872.6,1878.6,1849.7
2022-06-06,1843.7,957420,1853.7,1861.2,1843.0
2022-06-07,1852.1,1151250,1843.5,1858.2,1838.5
2022-06-08,1856.5,1100220,1855.0,1862.4,1846.6
2022-06-09,1852.8,1239460,1855.1,1857.8,1841.9
2022-06-10,1875.5,2586830,1850.4,1879.6,1826.5
2022-06-13,1831.8,2435120,1879.0,1882.5,1819.0
2022-06-14,1813.5,1553760,1820.9,1833.3,1806.1
2022-06-15,1819.6,1982650,1809.7,1845.4,1808.4
2022-06-16,1849.9,1737200,1835.8,1860.2,1816.3
2022-06-17,1840.6,1379670,1859.3,1861.5,1836.1
2022-06-21,1838.8,1718310,1840.6,1848.4,1830.7
2022-06-22,1838.4,1424280,1834.9,1850.3,1824.5
2022-06-24,1830.3,1342830,1824.2,1833.7,1817.7
2022-06-27,1824.8,1354960,1839.6,1842.8,1821.8
2022-06-28,1821.2,1038120,1823.6,1830.9,1819.1
2022-06-29,1817.5,1477610,1821.4,1834.9,1810.7
2022-06-30,1807.3,1967880,1819.2,1826.8,1802.5
2022-07-01,1801.5,2386510,1808.1,1813.6,1783.4
2022-07-05,1763.9,2930940,1814.4,1815.2,1763.0
2022-07-06,1736.5,2490790,1764.2,1771.5,1730.7
2022-07-07,1739.7,1430280,1737.2,1748.2,1734.7
2022-07-08,1742.3,1669390,1738.7,1751.7,1726.0
2022-07-11,1731.7,1518020,1741.5,1743.0,1729.0
2022-07-12,1724.8,2304480,1731.3,1742.2,1721.6
2022-07-13,1735.5,2694770,1723.6,1744.3,1704.5
2022-07-14,1705.8,2423010,1733.6,1734.8,1695.0
2022-07-15,1703.6,1722400,1708.2,1714.2,1696.6
2022-07-18,1710.2,1444090,1706.4,1722.0,1704.4
2022-07-19,1728.1,234190,1725.2,1734.2,1720.7
2022-07-20,1717.7,473290,1727.0,1730.4,1707.8
2022-07-21,1731.3,565320,1711.5,1737.3,1696.1
2022-07-22,1745.3,704820,1735.3,1755.9,1729.8
2022-07-25,1737.1,738730,1744.0,1752.5,1730.9
2022-07-26,1735.7,844670,1735.9,1744.3,1729.6
2022-07-27,1737.5,1140580,1733.1,1758.2,1727.0
2022-07-28,1769.2,1868130,1751.4,1774.4,1750.4
2022-07-29,1781.8,1368930,1773.1,1784.6,1768.4
2022-08-01,1787.7,1314630,1782.5,1792.5,1774.3
2022-08-02,1789.7,1694960,1789.2,1805.0,1776.0
2022-08-03,1776.4,1470850,1777.3,1789.4,1770.0
2022-08-04,1806.9,1462080,1782.1,1812.0,1779.4
2022-08-05,1791.2,1641730,1807.7,1811.6,1780.2
2022-08-08,1805.2,1014770,1790.3,1806.4,1786.9
2022-08-09,1812.3,1176890,1805.5,1817.0,1799.4
2022-08-10,1813.7,1515840,1811.5,1824.6,1803.3
2022-08-11,1807.2,1152210,1807.9,1814.9,1798.6
2022-08-12,1815.5,1146000,1805.2,1819.1,1799.6
2022-08-15,1798.1,1343610,1818.9,1818.9,1787.6
2022-08-16,1789.7,905140,1795.5,1798.0,1785.4
2022-08-17,1776.7,1345210,1790.8,1796.6,1773.9
2022-08-18,1771.2,1196860,1777.1,1786.3,1768.8
2022-08-19,1762.9,1337140,1773.1,1773.3,1759.1
2022-08-22,1748.4,1378830,1760.6,1762.1,1740.2
2022-08-23,1761.2,1406030,1750.0,1767.5,1743.1
2022-08-24,1761.5,1114050,1761.3,1769.5,1754.8
2022-08-25,1771.4,1145390,1764.4,1778.8,1763.0
2022-08-26,1749.8,1696540,1771.8,1772.3,1746.2
2022-08-29,1749.7,1518380,1748.4,1757.9,1731.4
2022-08-30,1736.3,1260180,1749.8,1752.8,1732.9
2022-08-31,1726.2,1695490,1735.5,1738.0,1720.6
2022-09-01,1709.3,1925320,1723.0,1723.0,1699.1
2022-09-02,1722.6,1711400,1707.8,1729.5,1705.9
2022-09-06,1712.9,2020210,1724.2,1737.4,1710.6
2022-09-07,1727.8,1696900,1712.9,1731.2,1701.7
2022-09-08,1720.2,1823020,1729.5,1739.4,1713.7
2022-09-09,1728.6,1515760,1719.6,1740.5,1719.4
2022-09-12,1740.6,1525880,1728.4,1746.4,1722.3
2022-09-13,1717.4,2289660,1736.0,1742.9,1706.7
2022-09-14,1709.1,1597970,1711.6,1717.3,1703.3
2022-09-15,1677.3,2570010,1707.2,1707.8,1668.9
2022-09-16,1683.5,2095060,1673.7,1689.9,1661.9
2022-09-19,1678.2,1383360,1685.4,1688.8,1667.6
2022-09-20,1671.1,1407650,1684.9,1688.8,1668.1
2022-09-21,1675.7,2219020,1673.2,1696.9,1661.3
2022-09-22,1681.1,2324070,1682.8,1693.5,1663.3
2022-09-23,1655.6,2365700,1680.1,1685.0,1646.6
2022-09-26,1633.4,2138730,1651.0,1657.2,1627.7
2022-09-27,1636.2,1925650,1629.2,1650.1,1628.7
2022-09-28,1670.0,2709520,1636.5,1671.6,1622.2
2022-09-29,1668.6,1966330,1669.0,1673.1,1649.3
2022-09-30,1672.0,1731440,1669.5,1684.4,1667.5
2022-10-03,1702.0,2078580,1670.5,1710.4,1666.5
2022-10-04,1730.5,1994260,1708.4,1738.7,1704.0
2022-10-05,1720.8,1680000,1734.4,1736.6,1708.8
2022-10-06,1720.9,1343330,1725.5,1734.2,1714.8
2022-10-07,1709.3,1538130,1721.0,1722.8,1698.4
2022-10-10,1675.2,1526260,1703.4,1707.4,1672.5
2022-10-11,1686.0,1660650,1675.6,1691.3,1667.5
2022-10-12,1677.5,1276890,1673.4,1685.1,1668.0
2022-10-17,1664.0,1443740,1649.9,1674.3,1649.1
2022-10-19,1634.2,1725510,1657.2,1659.8,1632.2
2022-10-20,1636.8,1597970,1634.6,1650.3,1626.3
2022-10-21,1656.3,2659850,1632.4,1663.1,1621.1
2022-10-24,1654.1,1674480,1662.9,1675.5,1648.0
2022-10-25,1658.0,1787060,1654.5,1666.8,1641.2
2022-10-26,1669.2,1834530,1657.7,1679.4,1653.8
2022-10-27,1668.8,1805990,1668.8,1674.8,1658.5
2022-10-28,1648.3,1865190,1667.2,1670.9,1640.7
2022-10-31,1648.3,1244450,1647.2,1648.5,1634.5
2022-11-01,1636.4,1931780,1636.1,1660.3,1633.6
2022-11-02,1651.0,2154450,1651.4,1673.1,1637.4
2022-11-03,1637.7,2416480,1639.1,1643.2,1618.3
2022-11-04,1685.7,2795250,1631.7,1686.4,1631.1
2022-11-07,1680.5,1704910,1678.6,1685.6,1670.0
2022-11-08,1716.0,2769960,1678.0,1720.4,1667.1
2022-11-09,1715.8,2216270,1715.2,1725.8,1705.1
2022-11-10,1753.7,2848650,1709.7,1760.6,1705.5
2022-11-11,1774.2,1826460,1758.3,1775.6,1750.3
2022-11-14,1774.2,1840220,1769.4,1778.4,1755.8
2022-11-15,1774.7,2768280,1774.0,1791.8,1770.2
2022-11-16,1775.8,1918700,1782.0,1788.2,1773.4
2022-11-17,1763.0,1645530,1777.0,1777.6,1756.6
2022-11-18,1769.0,296950,1777.6,1784.5,1764.0
2022-11-21,1754.6,649120,1766.6,1769.7,1748.8
2022-11-22,1754.8,577640,1755.4,1765.8,1752.4
2022-11-23,1760.4,721540,1755.6,1769.7,1733.5
2022-11-25,1768.8,622380,1765.2,1776.0,1760.6
2022-11-28,1755.3,1269380,1771.1,1778.5,1753.3
2022-11-29,1763.7,1255010,1754.6,1773.4,1752.9
2022-11-30,1759.9,1831770,1763.4,1784.2,1758.2
2022-12-01,1815.2,2192460,1783.1,1818.4,1782.9
2022-12-02,1809.6,1771520,1817.0,1818.7,1791.8
2022-12-05,1781.3,1759050,1810.5,1822.9,1778.1
2022-12-06,1782.4,1233440,1780.8,1793.2,1779.1
2022-12-07,1798.0,1496000,1783.3,1803.2,1780.5
2022-12-08,1801.5,1117610,1799.5,1806.9,1793.2
2022-12-09,1810.7,1453720,1801.9,1819.0,1800.1
2022-12-12,1792.3,1053140,1808.0,1809.3,1789.0
2022-12-13,1825.5,2227250,1792.3,1836.9,1791.8
2022-12-14,1818.7,1404900,1822.6,1825.4,1806.2
2022-12-15,1787.8,1796530,1818.7,1819.7,1782.0
2022-12-16,1800.2,1263600,1786.9,1804.2,1783.9
2022-12-19,1797.7,840870,1801.6,1808.6,1793.2
2022-12-20,1825.4,1918230,1796.8,1832.4,1793.7
2022-12-21,1823.9,1032690,1827.9,1833.8,1821.3
2022-12-22,1795.3,1689890,1823.8,1829.3,1792.7
2022-12-23,1804.2,1004130,1801.0,1812.2,1798.9
2022-12-27,1823.1,1561890,1808.2,1841.9,1808.0
2022-12-28,1815.8,1107050,1822.4,1822.8,1804.2
2022-12-29,1826.0,1032830,1812.3,1827.3,1811.2
2022-12-30,1826.2,1039260,1821.8,1832.4,1819.8
2023-01-03,1846.1,2068180,1831.8,1856.6,1831.3
2023-01-04,1859.0,1937600,1845.2,1871.3,1842.0
2023-01-05,1840.6,1778510,1861.2,1864.3,1829.9
2023-01-06,1869.7,2081870,1835.9,1875.2,1835.2
2023-01-09,1877.8,1838690,1872.8,1886.4,1869.3
2023-01-10,1876.5,1501150,1875.7,1885.2,1872.0
2023-01-11,1878.9,2017610,1881.3,1890.9,1870.9
2023-01-12,1898.8,2434970,1879.7,1906.5,1872.4
2023-01-13,1921.7,2267500,1898.8,1925.3,1895.1
2023-01-17,1909.9,2536930,1923.8,1931.8,1906.2
2023-01-18,1907.0,2097820,1911.1,1929.8,1898.6
2023-01-19,1923.9,2044700,1907.0,1936.9,1902.0
2023-01-20,1928.2,1610730,1933.7,1939.0,1922.0
2023-01-23,1945.4,556960,1948.0,1953.3,1929.2
2023-01-24,1952.2,823560,1948.9,1960.5,1935.0
2023-01-25,1959.4,815440,1955.2,1966.3,1937.5
2023-01-26,1946.7,1277360,1965.0,1966.5,1935.1
2023-01-27,1945.6,1424480,1945.8,1952.1,1933.0
2023-01-30,1939.2,1343620,1944.0,1950.1,1936.2
2023-01-31,1945.3,1890460,1938.6,1946.9,1915.5
2023-02-01,1942.8,2050370,1944.0,1970.8,1936.1
2023-02-02,1930.8,2429310,1967.1,1975.2,1925.6
2023-02-03,1876.6,2966690,1926.3,1932.4,1874.5
2023-02-06,1879.5,1587610,1878.0,1894.0,1873.2
2023-02-07,1884.8,1729460,1880.3,1897.2,1877.5
2023-02-08,1890.7,1262600,1885.1,1898.9,1881.4
2023-02-09,1878.5,1778740,1888.3,1902.3,1870.2
2023-02-10,1874.5,1501440,1873.5,1883.5,1863.5
2023-02-13,1863.5,1273430,1876.7,1877.2,1860.8
2023-02-14,1865.4,2098310,1864.1,1881.6,1852.5
2023-02-15,1845.3,1655700,1865.1,1870.9,1839.3
2023-02-16,1851.8,1635210,1846.5,1854.9,1836.6
2023-02-17,1850.2,1611540,1845.7,1853.1,1827.7
2023-02-21,1842.5,2052560,1850.5,1856.4,1839.0
2023-02-22,1841.5,1379550,1843.7,1855.0,1831.9
2023-02-23,1826.8,1741520,1834.7,1841.2,1824.8
2023-02-24,1817.1,1629610,1829.7,1835.1,1815.5
2023-02-27,1824.9,1271380,1818.0,1827.3,1812.0
2023-02-28,1836.7,1752220,1823.9,1838.6,1810.8
2023-03-01,1845.4,1795010,1834.0,1852.5,1829.6
2023-03-02,1840.5,1354930,1843.8,1845.3,1835.9
2023-03-03,1854.6,1525350,1842.1,1864.4,1842.0
2023-03-06,1852.4,1309940,1861.0,1864.3,1850.6
2023-03-07,1820.0,2254790,1852.6,1856.9,1817.1
2023-03-08,1818.6,1869480,1818.0,1828.7,1813.4
2023-03-09,1834.6,2077020,1818.0,1839.4,1815.4
2023-03-10,1867.2,3196960,1835.1,1874.3,1830.0
2023-03-13,1916.5,4262620,1877.1,1919.5,1875.7
2023-03-14,1910.9,2544420,1919.4,1919.4,1899.8
2023-03-15,1931.3,3767750,1908.2,1942.5,1889.5
2023-03-16,1923.0,2429830,1922.8,1938.0,1911.5
2023-03-17,1990.2,634330,1942.7,2010.4,1939.1
2023-03-20,1999.7,660380,2008.6,2031.7,1987.0
2023-03-21,1941.1,2429140,1983.1,1988.7,1938.6
2023-03-22,1949.6,2401550,1943.5,1982.3,1936.5
2023-03-23,1995.9,2570400,1974.0,2006.1,1967.3
2023-03-24,1983.8,2762990,1996.1,2006.5,1977.7
2023-03-27,1953.8,2023210,1982.6,1984.0,1945.0
2023-03-28,1973.5,1816410,1957.8,1977.1,1949.9
2023-03-29,1966.9,879110,1975.4,1976.0,1959.5
2023-03-30,1980.3,99790,1965.9,1984.4,1954.9
2023-03-31,1969.0,9570,1981.3,1986.8,1968.0
2023-04-03,1983.9,7370,1968.1,1991.7,1950.0
2023-04-04,2022.2,8110,1984.6,2027.1,1979.0
2023-04-05,2020.9,5250,2022.1,2033.8,2013.6
2023-04-06,2026.4,1454010,2037.1,2037.7,2016.5
2023-04-10,2003.8,1332040,2008.6,2021.5,1996.5
2023-04-11,2019.0,1229020,2007.0,2022.5,2003.7
2023-04-12,2024.9,2207980,2019.1,2043.9,2015.7
2023-04-13,2055.3,1906410,2029.5,2063.4,2028.3
2023-04-14,2015.8,2595810,2054.7,2061.6,2006.0
2023-04-17,2007.0,1786310,2014.1,2028.0,1993.4
2023-04-18,2019.7,1607160,2007.9,2024.6,2003.3
2023-04-19,2007.3,2142730,2017.9,2020.3,1980.9
2023-04-20,2019.1,1589150,2007.7,2024.2,2002.2
2023-04-21,1990.5,2057000,2016.1,2016.8,1982.3
2023-04-24,1999.8,1368540,1992.0,2001.5,1984.4
2023-04-25,2004.5,2141070,1999.4,2014.5,1986.2
2023-04-26,1996.0,2311100,2007.7,2020.2,1993.7
2023-04-27,1999.0,1980560,1999.8,2013.3,1982.0
2023-04-28,1999.1,1669350,1997.2,2004.1,1984.4
2023-05-01,1992.2,1695450,2000.2,2015.4,1985.7
2023-05-02,2023.3,2382780,1990.5,2028.8,1986.9
2023-05-03,2037.0,2235000,2026.4,2050.0,2016.0
2023-05-04,2055.7,3041060,2054.7,2085.4,2038.5
2023-05-05,2024.8,2612520,2058.0,2061.3,2007.0
2023-05-08,2033.2,1640880,2024.6,2037.1,2022.0
2023-05-09,2042.9,1819490,2028.4,2045.1,2026.4
2023-05-10,2037.1,2428390,2041.6,2056.0,2028.3
2023-05-11,2020.5,2758460,2036.8,2047.6,2016.7
2023-05-12,2019.8,2141110,2020.5,2027.8,2005.7
2023-05-15,2022.7,1592520,2013.4,2027.5,2011.2
2023-05-16,1993.0,2242030,2021.3,2022.7,1989.1
2023-05-17,1984.9,2002510,1993.0,1997.0,1978.1
2023-05-18,1959.8,2215940,1985.6,1988.8,1954.4
2023-05-19,1981.6,2287200,1960.5,1987.4,1956.3
2023-05-22,1977.2,1619970,1979.4,1981.1,1973.4
2023-05-23,1974.5,2074330,1973.9,1980.0,1955.8
2023-05-24,1964.6,2258890,1977.3,1987.9,1958.4
2023-05-25,1943.7,2470780,1959.5,1965.4,1939.0
2023-05-26,1944.3,1630260,1941.7,1957.1,1936.0
2023-05-30,1958.0,378380,1942.7,1962.6,1931.0
2023-05-31,1963.9,57100,1958.2,1973.0,1953.0
2023-06-01,1978.0,7500,1963.2,1983.0,1954.3
2023-06-02,1952.4,3560,1977.1,1982.5,1947.4
2023-06-05,1958.0,7130,1947.5,1961.9,1937.8
2023-06-07,1958.4,1861540,1980.0,1986.5,1955.4
2023-06-08,1978.6,1868110,1956.2,1985.7,1955.2
2023-06-09,1977.2,1276180,1980.5,1987.8,1971.0
2023-06-12,1969.7,1191210,1975.6,1981.4,1963.1
2023-06-13,1958.6,1943860,1971.4,1985.9,1953.0
2023-06-14,1968.9,1957050,1957.2,1973.9,1952.5
2023-06-15,1970.7,2585590,1955.7,1972.8,1936.1
2023-06-16,1971.2,1576360,1970.3,1980.4,1965.4
2023-06-20,1947.7,2443670,1970.7,1971.8,1940.8
2023-06-21,1944.9,1765550,1948.0,1950.4,1929.3
2023-06-22,1923.7,1651830,1943.3,1945.1,1922.0
2023-06-23,1929.6,1812730,1923.5,1949.0,1919.5
2023-06-26,1933.8,1454190,1936.3,1943.4,1931.1
2023-06-27,1923.8,1770060,1932.7,1940.3,1919.8
2023-06-28,1922.2,1551190,1923.1,1926.1,1911.4
2023-06-29,1917.9,2002680,1916.5,1921.3,1900.6
2023-06-30,1929.4,1748770,1916.4,1930.8,1908.1
2023-07-03,1929.5,1501760,1927.8,1939.9,1917.7
2023-07-05,1927.1,2429430,1929.1,1942.9,1922.1
2023-07-06,1915.4,2265270,1922.4,1934.0,1908.5
2023-07-07,1932.5,2081130,1916.6,1941.1,1915.4
2023-07-10,1931.0,1951090,1930.7,1933.7,1918.0
2023-07-11,1937.1,1748420,1930.8,1944.5,1929.8
2023-07-12,1961.7,2509820,1938.0,1965.1,1937.5
2023-07-13,1963.8,2191330,1962.7,1968.5,1956.6
2023-07-14,1964.4,1911500,1965.2,1967.8,1954.7
2023-07-17,1956.4,1619630,1958.6,1963.6,1949.0
2023-07-18,1980.8,2569700,1958.3,1988.3,1958.1
2023-07-19,1980.4,1559750,1982.5,1984.6,1973.3
2023-07-20,1970.9,1865600,1980.0,1989.8,1967.7
2023-07-21,1966.6,1525400,1972.1,1975.9,1958.8
2023-07-24,1962.2,1935720,1963.6,1969.8,1955.3
2023-07-25,1963.7,1825630,1957.0,1967.1,1951.6
2023-07-26,1970.1,2044840,1966.3,1979.9,1963.2
2023-07-27,1945.7,1923700,1973.3,1982.6,1941.7
2023-07-28,1960.4,227050,1945.5,1962.2,1944.2
2023-07-31,1970.5,10250,1959.2,1971.6,1950.0
2023-08-02,1937.4,6520,1948.4,1953.6,1933.2
2023-08-03,1932.0,7730,1934.2,1936.5,1928.0
2023-08-04,1939.6,2900,1934.9,1945.0,1920.0
2023-08-07,1970.0,1011700,1977.6,1981.7,1966.1
2023-08-08,1959.9,1385810,1971.5,1972.8,1956.5
2023-08-09,1950.6,1307390,1959.3,1966.1,1947.2
2023-08-10,1948.9,1638050,1947.7,1963.5,1944.4
2023-08-11,1946.6,1190900,1944.9,1953.6,1942.7
2023-08-14,1944.0,1175140,1945.6,1948.2,1934.2
2023-08-15,1935.2,1615120,1939.4,1944.3,1927.5
2023-08-16,1928.3,1247660,1933.1,1938.2,1922.0
2023-08-17,1915.2,1467700,1922.4,1933.5,1914.2
2023-08-18,1916.5,1103370,1919.2,1926.0,1915.9
2023-08-21,1923.0,1354150,1918.4,1927.9,1913.6
2023-08-22,1926.0,1262260,1924.0,1933.2,1917.5
2023-08-23,1948.1,1623150,1926.8,1949.7,1926.2
2023-08-24,1947.1,1337270,1944.9,1951.3,1939.2
2023-08-25,1939.9,1637330,1944.9,1950.4,1931.0
2023-08-28,1946.8,1135650,1944.0,1954.2,1940.1
2023-08-29,1965.1,1693330,1948.1,1966.5,1941.7
2023-08-30,1973.0,1383980,1966.0,1977.1,1962.8
2023-08-31,1965.9,1259450,1970.2,1974.9,1965.5
2023-09-01,1967.1,1582690,1966.4,1980.2,1960.7
2023-09-05,1952.6,1879350,1966.7,1972.6,1950.6
2023-09-06,1944.2,1452710,1951.5,1954.5,1940.0
2023-09-07,1942.5,1140970,1942.2,1947.9,1940.3
2023-09-08,1942.7,1362350,1943.8,1954.0,1940.8
2023-09-12,1935.1,1550340,1945.6,1947.5,1929.9
2023-09-13,1932.5,1562090,1935.2,1938.4,1927.2
2023-09-14,1932.8,1962200,1930.7,1934.5,1921.7
2023-09-15,1946.2,1953420,1932.5,1952.4,1931.2
2023-09-18,1953.4,1345290,1945.7,1955.7,1943.8
2023-09-19,1953.7,1268710,1955.3,1958.9,1950.9
2023-09-20,1967.1,2127310,1953.0,1968.9,1948.6
2023-09-21,1939.6,2182110,1952.0,1952.2,1933.1
2023-09-22,1945.6,1351930,1939.6,1949.1,1939.6
2023-09-25,1936.6,1555170,1944.7,1946.8,1933.8
2023-09-26,1919.8,2021050,1935.1,1935.5,1917.2
2023-09-27,1890.9,2211390,1918.8,1921.7,1890.3
2023-09-28,1878.6,2173530,1893.3,1896.8,1874.5
2023-09-29,1866.1,2347560,1882.3,1896.7,1862.3
2023-10-02,1847.2,1915990,1864.4,1864.7,1842.7
2023-10-03,1841.5,2081100,1844.9,1849.3,1830.9
2023-10-04,1834.8,1872670,1838.7,1846.8,1831.6
2023-10-05,1831.8,1636800,1837.6,1843.5,1826.2
2023-10-06,1845.2,2245440,1834.3,1849.0,1823.5
2023-10-09,1864.3,1834510,1861.0,1877.3,1857.5
2023-10-10,1875.3,1528650,1875.4,1879.1,1866.1
2023-10-11,1887.3,1629140,1873.7,1890.9,1871.7
2023-10-12,1883.0,1580890,1888.1,1898.3,1880.6
2023-10-13,1941.5,2985610,1881.7,1946.2,1881.5
2023-10-16,1934.3,1747420,1941.3,1943.0,1921.2
2023-10-17,1935.7,1594300,1933.3,1944.5,1924.6
2023-10-18,1968.3,2610640,1936.7,1975.8,1935.9
2023-10-19,1980.5,2536900,1960.1,1990.2,1957.0
2023-10-20,1994.4,2791620,1988.0,2009.2,1983.7
2023-10-23,1987.8,2049590,1987.7,1990.9,1982.6
2023-10-24,1986.1,1915860,1984.1,1989.0,1970.0
2023-10-25,1994.9,2356990,1982.7,1998.6,1973.6
2023-10-26,1997.4,2085970,1991.2,2003.7,1981.6
2023-10-27,1998.5,2069320,1995.0,2019.7,1986.4
2023-10-31,1994.3,2059510,2005.6,2017.7,1987.4
2023-11-01,1987.5,1900940,1993.3,2005.9,1978.2
2023-11-02,1993.5,1504760,1992.0,1999.2,1986.3
2023-11-03,1999.2,2111540,1993.5,2011.9,1989.3
2023-11-07,1973.5,2004820,1984.8,1985.2,1962.8
2023-11-08,1957.8,1703670,1975.3,1977.5,1953.2
2023-11-09,1969.8,1855740,1955.5,1971.5,1948.3
2023-11-10,1937.7,2101580,1964.1,1965.6,1936.9
2023-11-13,1950.2,1649850,1943.4,1953.5,1935.6
2023-11-14,1966.5,1748440,1950.3,1975.3,1938.8
2023-11-15,1964.3,1389560,1966.9,1979.2,1958.8
2023-11-20,1980.3,1720460,1980.9,1987.8,1967.2
2023-11-21,2001.6,2238730,1980.0,2009.8,1979.9
2023-11-22,1992.8,1940930,2000.3,2008.3,1988.6
2023-11-24,2003.0,2112520,1991.2,2004.5,1990.9
2023-11-27,2012.4,2474110,2002.5,2018.9,2001.4
2023-11-28,2040.0,1729680,2014.3,2044.1,2011.5
2023-11-29,2067.1,1894940,2062.0,2072.7,2055.9
2023-11-30,2057.2,1436050,2065.4,2067.4,2051.2
2023-12-01,2089.7,2308770,2056.5,2095.7,2052.6
2023-12-05,2036.3,2020030,2049.0,2059.6,2027.6
2023-12-06,2047.9,1501920,2037.8,2053.4,2035.3
2023-12-07,2046.4,1655660,2043.4,2057.2,2036.6
2023-12-08,2014.5,2278310,2045.7,2050.4,2010.6
2023-12-11,1993.7,1514090,2020.0,2023.7,1991.2
2023-12-12,1993.2,1402570,1997.8,2012.5,1992.3
2023-12-13,1997.3,1837800,1995.1,2043.3,1987.9
2023-12-14,2044.9,2227760,2043.2,2062.9,2039.1
2023-12-15,2035.7,1665650,2051.3,2059.6,2029.2
2023-12-18,2040.5,1374360,2033.3,2048.0,2029.5
2023-12-19,2052.1,1300310,2041.1,2061.0,2034.8
2023-12-20,2047.7,1193940,2053.8,2056.9,2040.6
2023-12-21,2051.3,1151840,2044.4,2058.0,2043.3
2023-12-22,2069.1,1622920,2061.2,2083.0,2058.2
2023-12-26,2069.8,764920,2066.0,2080.5,2065.1
2023-12-27,2093.1,1240210,2079.3,2095.8,2072.8
2023-12-28,2083.5,1264110,2089.5,2098.2,2074.6
2023-12-29,2071.8,1027410,2076.1,2084.1,2067.6
2024-01-02,2073.4,1499260,2072.7,2088.1,2064.3
2024-01-03,2042.8,2141320,2067.9,2074.3,2038.3
2024-01-04,2050.0,1255730,2049.3,2058.1,2043.3
2024-01-05,2049.8,2088610,2051.4,2071.1,2030.8
2024-01-08,2033.5,1993250,2052.6,2053.3,2022.7
2024-01-09,2033.0,1946100,2034.5,2048.6,2031.9
2024-01-10,2027.8,1836250,2036.0,2046.2,2025.9
2024-01-11,2019.2,2706240,2029.4,2056.1,2017.3
2024-01-12,2051.6,2509460,2033.2,2067.3,2033.1
2024-01-16,2030.2,2779950,2053.4,2062.8,2027.6
2024-01-17,2006.5,2451940,2031.7,2036.1,2004.6
2024-01-18,2021.6,1670130,2009.1,2025.6,2007.7
2024-01-19,2029.3,1660780,2027.4,2041.9,2022.2
2024-01-22,2022.2,1419630,2031.8,2034.1,2017.4
2024-01-23,2025.8,1538270,2023.2,2039.3,2020.8
2024-01-24,2016.0,2276270,2030.7,2037.9,2011.7
2024-01-25,2017.8,1892390,2014.8,2025.6,2004.0
2024-01-26,2017.3,1176540,2021.0,2028.1,2015.6
2024-01-29,2025.4,1478940,2024.4,2037.2,2018.8
2024-01-30,2050.9,2083570,2051.5,2068.0,2047.1
2024-01-31,2067.4,2258280,2055.3,2074.6,2048.8
2024-02-01,2071.1,2531210,2057.9,2083.2,2046.4
2024-02-02,2053.7,2108780,2072.0,2074.7,2044.2
2024-02-05,2042.9,1634750,2057.9,2059.1,2030.8
2024-02-06,2051.4,1217420,2041.4,2055.3,2038.8
2024-02-07,2051.7,1206860,2052.6,2061.3,2046.4
2024-02-08,2047.9,1333050,2051.0,2053.8,2034.6
2024-02-09,2038.7,1091270,2049.7,2051.9,2034.3
2024-02-12,2033.0,1117850,2038.2,2041.8,2025.4
2024-02-13,2007.2,2013690,2033.7,2047.3,2002.8
2024-02-14,2004.3,1844840,2006.3,2008.8,1996.4
2024-02-15,2014.9,1977160,2004.8,2020.2,2001.8
2024-02-16,2024.1,1555390,2016.1,2027.2,2006.6
2024-02-20,2039.8,1962100,2027.7,2042.7,2023.9
2024-02-21,2034.3,1176150,2036.2,2043.5,2030.9
2024-02-22,2030.7,1445250,2036.5,2045.5,2029.3
2024-02-23,2049.4,2018450,2034.1,2053.2,2025.4
2024-02-26,2038.9,1247200,2044.2,2046.8,2034.1
2024-02-27,2044.1,1423020,2041.2,2049.1,2038.1
2024-02-28,2042.7,1321190,2039.7,2047.4,2033.4
2024-02-29,2054.7,2181220,2043.8,2059.4,2036.0
2024-03-01,2095.7,3159780,2052.8,2097.1,2047.0
2024-03-04,2126.3,3108120,2091.6,2128.4,2088.1
2024-03-05,2141.9,2721440,2123.3,2150.5,2118.5
2024-03-06,2158.2,3059920,2136.4,2160.7,2131.9
2024-03-07,2165.2,2373530,2156.7,2172.2,2151.7
2024-03-08,2185.5,3555680,2166.6,2203.0,2161.2
2024-03-11,2188.6,2160260,2187.6,2195.5,2180.9
2024-03-12,2166.1,2918920,2189.1,2190.8,2156.2
2024-03-13,2180.8,2077530,2163.6,2185.6,2161.3
2024-03-14,2167.5,2022530,2179.5,2181.3,2157.0
2024-03-15,2161.5,1829120,2166.2,2176.9,2158.7
2024-03-18,2164.3,2071640,2159.9,2167.2,2149.2
2024-03-19,2159.7,1708020,2164.0,2166.3,2150.2
2024-03-20,2161.0,2263020,2161.4,2192.2,2152.3
2024-03-21,2184.7,3784410,2190.2,2225.3,2168.2
2024-03-22,2160.0,2005250,2183.4,2188.0,2158.4
2024-03-25,2176.4,2017000,2166.6,2182.5,2164.4
2024-03-26,2177.2,1979850,2173.0,2200.6,2168.3
2024-03-27,2212.7,1833430,2200.5,2218.3,2193.7
2024-03-28,2238.4,2400350,2215.7,2256.9,2207.5
2024-04-01,2257.1,2147060,2259.2,2286.4,2249.1
2024-04-02,2281.8,2665580,2272.7,2301.9,2267.1
2024-04-03,2315.0,2457090,2301.7,2321.8,2285.7
2024-04-04,2308.5,2279560,2321.0,2325.3,2298.7
2024-04-05,2345.4,2814390,2309.5,2350.0,2286.2
2024-04-08,2351.0,2761040,2343.6,2372.5,2321.7
2024-04-09,2362.4,2701530,2358.1,2384.5,2355.7
2024-04-10,2348.4,3423430,2372.4,2378.1,2337.1
2024-04-11,2372.7,2474440,2351.7,2395.6,2343.1
2024-04-12,2374.1,4630750,2389.4,2448.8,2350.6
2024-04-15,2383.0,3366080,2369.4,2404.3,2340.2
2024-04-16,2407.8,2907000,2399.1,2414.8,2379.2
2024-04-17,2388.4,2795510,2398.0,2412.0,2370.7
2024-04-18,2398.0,1954930,2377.9,2408.0,2377.2
2024-04-19,2413.8,2643740,2394.0,2433.3,2386.8
2024-04-22,2346.4,2561230,2403.7,2404.3,2338.2
2024-04-23,2342.1,2619990,2342.3,2347.9,2304.6
2024-04-24,2338.4,1782500,2335.7,2350.9,2324.8
2024-04-25,2342.5,2181900,2327.4,2357.6,2316.4
2024-04-26,2347.2,1631240,2344.2,2364.4,2338.0
2024-04-29,2357.7,1799840,2347.6,2358.9,2331.0
2024-04-30,2302.9,2218660,2347.0,2347.6,2296.2
2024-05-01,2311.0,2152710,2298.2,2339.5,2291.7
2024-05-02,2309.6,1818180,2329.9,2336.1,2294.3
2024-05-03,2308.6,2261870,2313.5,2330.7,2285.2
2024-05-06,2331.2,1889840,2312.8,2341.9,2300.6
2024-05-07,2324.2,1868680,2334.8,2338.7,2318.2
2024-05-08,2322.3,1961590,2322.0,2329.6,2311.4
2024-05-09,2340.3,2265290,2316.5,2354.2,2312.9
2024-05-10,2375.0,2459970,2353.5,2385.3,2352.0
2024-05-13,2343.0,2218460,2369.1,2370.8,2337.6
2024-05-14,2359.9,1841590,2342.3,2365.2,2340.5
2024-05-15,2394.9,2450810,2362.9,2396.1,2357.1
2024-05-16,2385.5,1831380,2391.5,2402.7,2375.2
2024-05-17,2417.4,2093950,2381.4,2427.4,2377.8
2024-05-20,2438.5,2762670,2422.2,2454.2,2411.1
2024-05-21,2425.9,2259800,2431.5,2438.2,2408.5
2024-05-22,2392.9,2462290,2425.4,2430.5,2378.0
2024-05-23,2337.2,2630980,2383.0,2385.7,2328.1
2024-05-24,2334.5,1719190,2330.4,2349.0,2326.3
2024-05-28,2356.5,3089140,2338.0,2365.5,2333.8
2024-05-29,2341.2,1147280,2362.5,2363.7,2334.2
2024-05-30,2366.5,1796420,2361.0,2373.7,2343.3
2024-05-31,2345.8,1758330,2364.5,2381.2,2341.1
2024-06-03,2369.3,1667890,2348.0,2375.5,2334.8
2024-06-04,2347.4,1658590,2371.3,2373.1,2335.1
2024-06-05,2375.5,1676610,2347.1,2377.6,2345.3
2024-06-06,2390.9,1633170,2375.3,2397.8,2372.2
2024-06-07,2325.0,2992740,2395.7,2406.7,2304.2
2024-06-10,2327.0,1373320,2311.0,2331.3,2304.5
2024-06-11,2326.6,1422030,2329.5,2337.3,2314.5
2024-06-12,2354.8,2324970,2334.0,2358.8,2327.2
2024-06-13,2318.0,1771840,2340.9,2342.4,2310.9
2024-06-14,2349.1,1554860,2319.6,2352.3,2316.7
2024-06-17,2329.0,1187610,2348.5,2348.7,2324.3
2024-06-18,2346.9,1502090,2333.7,2348.2,2320.2
2024-06-20,2369.0,2451460,2344.2,2379.5,2338.5
2024-06-21,2331.2,1875010,2373.8,2382.6,2329.2
2024-06-24,2344.4,1134480,2333.5,2347.5,2329.5
2024-06-25,2330.8,1401790,2346.8,2349.7,2327.1
2024-06-26,2313.2,1829290,2331.8,2335.8,2304.7
2024-06-27,2336.6,1357840,2309.4,2342.0,2306.8
2024-06-28,2339.6,1311910,2338.6,2350.6,2329.7
2024-07-01,2338.9,1368610,2336.2,2348.8,2328.2
2024-07-02,2333.4,1465680,2341.6,2346.1,2327.4
2024-07-03,2369.4,1859300,2338.6,2374.5,2335.7
